task_idx,scenario,backend,backend_kind,model,model_kind,params_millions,params_millions_config,prompt,prompt_chars,gen_tokens_target,batch_size_config,call_idx,sample_idx,is_warmup,warmup_idx,rep,mode,status,error,started_at_unix,batch_size,seq_len,prompt_tokens_raw,prefill_ms,prefill_cuda_event_ms,kv_decode_ms,kv_decode_ms_equiv,kv_decode_ms_per_token,kv_decode_cuda_event_ms,gen_tokens_raw,gen_tokens_equiv,ollama_wall_ms,ollama_total_duration_ms,ollama_load_ms,ollama_done_reason,params_millions_measured,latency_ms,cuda_event_ms,tokens_total,tokens_per_s,gen_tokens
0,medium,ollama,ollama,gemma3:270m,ollama,268.1,268.1,Explain how backpressure works in an inference service and when to enable queueing.,83,64,1,0,0,True,0,,prefill,ok,,1766554142.3858883,1,,25,51.8946,,394.0526,394.0526,6.157071875,,64,64,646.6161999996984,622.4966,139.1815,length,268.1,51.8946,,25,481.7456922300201,0
0,medium,ollama,ollama,gemma3:270m,ollama,268.1,268.1,Explain how backpressure works in an inference service and when to enable queueing.,83,64,1,0,1,True,0,,kv_decode,ok,,1766554142.3858883,1,,25,51.8946,,394.0526,394.0526,6.157071875,,64,64,646.6161999996984,622.4966,139.1815,length,268.1,394.0526,,64,162.41486542659536,64
0,medium,ollama,ollama,gemma3:270m,ollama,268.1,268.1,Explain how backpressure works in an inference service and when to enable queueing.,83,64,1,0,2,True,0,,e2e_kv,ok,,1766554142.3858883,1,,25,51.8946,,394.0526,394.0526,6.157071875,,64,64,646.6161999996984,622.4966,139.1815,length,268.1,445.94719999999995,,89,199.57519634611455,64
0,medium,ollama,ollama,gemma3:270m,ollama,268.1,268.1,Explain how backpressure works in an inference service and when to enable queueing.,83,64,1,1,3,False,,0,prefill,ok,,1766554143.032676,1,,25,2.1624,,120.6179,120.6179,1.8846546875,,64,64,344.59359999891603,308.9586,155.7979,length,268.1,2.1624,,25,11561.228264890862,0
0,medium,ollama,ollama,gemma3:270m,ollama,268.1,268.1,Explain how backpressure works in an inference service and when to enable queueing.,83,64,1,1,4,False,,0,kv_decode,ok,,1766554143.032676,1,,25,2.1624,,120.6179,120.6179,1.8846546875,,64,64,344.59359999891603,308.9586,155.7979,length,268.1,120.6179,,64,530.6011794269341,64
0,medium,ollama,ollama,gemma3:270m,ollama,268.1,268.1,Explain how backpressure works in an inference service and when to enable queueing.,83,64,1,1,5,False,,0,e2e_kv,ok,,1766554143.032676,1,,25,2.1624,,120.6179,120.6179,1.8846546875,,64,64,344.59359999891603,308.9586,155.7979,length,268.1,122.78030000000001,,89,724.8719867926694,64
0,medium,ollama,ollama,gemma3:270m,ollama,268.1,268.1,Explain how backpressure works in an inference service and when to enable queueing.,83,64,1,2,6,False,,1,prefill,ok,,1766554143.3774085,1,,25,1.4809,,120.3632,120.3632,1.880675,,64,64,317.5503000002209,303.3021,152.2907,length,268.1,1.4809,,25,16881.62603822,0
0,medium,ollama,ollama,gemma3:270m,ollama,268.1,268.1,Explain how backpressure works in an inference service and when to enable queueing.,83,64,1,2,7,False,,1,kv_decode,ok,,1766554143.3774085,1,,25,1.4809,,120.3632,120.3632,1.880675,,64,64,317.5503000002209,303.3021,152.2907,length,268.1,120.3632,,64,531.7239820809018,64
0,medium,ollama,ollama,gemma3:270m,ollama,268.1,268.1,Explain how backpressure works in an inference service and when to enable queueing.,83,64,1,2,8,False,,1,e2e_kv,ok,,1766554143.3774085,1,,25,1.4809,,120.3632,120.3632,1.880675,,64,64,317.5503000002209,303.3021,152.2907,length,268.1,121.84410000000001,,89,730.4416052972609,64
0,medium,ollama,ollama,gemma3:270m,ollama,268.1,268.1,Explain how backpressure works in an inference service and when to enable queueing.,83,64,1,3,9,False,,2,prefill,ok,,1766554143.695357,1,,25,1.9094,,115.0552,115.0552,1.7977375,,64,64,336.02079999946,298.9357,148.3586,length,268.1,1.9094,,25,13093.118257044098,0
0,medium,ollama,ollama,gemma3:270m,ollama,268.1,268.1,Explain how backpressure works in an inference service and when to enable queueing.,83,64,1,3,10,False,,2,kv_decode,ok,,1766554143.695357,1,,25,1.9094,,115.0552,115.0552,1.7977375,,64,64,336.02079999946,298.9357,148.3586,length,268.1,115.0552,,64,556.2547368567435,64
0,medium,ollama,ollama,gemma3:270m,ollama,268.1,268.1,Explain how backpressure works in an inference service and when to enable queueing.,83,64,1,3,11,False,,2,e2e_kv,ok,,1766554143.695357,1,,25,1.9094,,115.0552,115.0552,1.7977375,,64,64,336.02079999946,298.9357,148.3586,length,268.1,116.9646,,89,760.9139859410454,64
0,medium,ollama,ollama,gemma3:270m,ollama,268.1,268.1,Explain how backpressure works in an inference service and when to enable queueing.,83,64,1,4,12,False,,3,prefill,ok,,1766554144.0315094,1,,25,2.4628,,120.4924,120.4924,1.88269375,,64,64,345.2906000002258,331.2816,180.1926,length,268.1,2.4628,,25,10151.047588111092,0
0,medium,ollama,ollama,gemma3:270m,ollama,268.1,268.1,Explain how backpressure works in an inference service and when to enable queueing.,83,64,1,4,13,False,,3,kv_decode,ok,,1766554144.0315094,1,,25,2.4628,,120.4924,120.4924,1.88269375,,64,64,345.2906000002258,331.2816,180.1926,length,268.1,120.4924,,64,531.1538321089131,64
0,medium,ollama,ollama,gemma3:270m,ollama,268.1,268.1,Explain how backpressure works in an inference service and when to enable queueing.,83,64,1,4,14,False,,3,e2e_kv,ok,,1766554144.0315094,1,,25,2.4628,,120.4924,120.4924,1.88269375,,64,64,345.2906000002258,331.2816,180.1926,length,268.1,122.9552,,89,723.840878628964,64
0,medium,ollama,ollama,gemma3:270m,ollama,268.1,268.1,Explain how backpressure works in an inference service and when to enable queueing.,83,64,1,5,15,False,,4,prefill,ok,,1766554144.3769197,1,,25,2.2272,,120.8796,120.8796,1.88874375,,64,64,338.22259999942617,299.1948,145.0837,length,268.1,2.2272,,25,11224.856321839081,0
0,medium,ollama,ollama,gemma3:270m,ollama,268.1,268.1,Explain how backpressure works in an inference service and when to enable queueing.,83,64,1,5,16,False,,4,kv_decode,ok,,1766554144.3769197,1,,25,2.2272,,120.8796,120.8796,1.88874375,,64,64,338.22259999942617,299.1948,145.0837,length,268.1,120.8796,,64,529.4524468975742,64
0,medium,ollama,ollama,gemma3:270m,ollama,268.1,268.1,Explain how backpressure works in an inference service and when to enable queueing.,83,64,1,5,17,False,,4,e2e_kv,ok,,1766554144.3769197,1,,25,2.2272,,120.8796,120.8796,1.88874375,,64,64,338.22259999942617,299.1948,145.0837,length,268.1,123.10679999999999,,89,722.9495040079022,64
1,short,ollama,ollama,gemma3:1b-it-qat,ollama,999.9,999.9,Summarize RLHF in one sentence.,31,64,1,6,18,True,0,,prefill,ok,,1766554144.7153866,1,,18,11.1309,,138.6893,261.06221176470586,4.079097058823529,,34,64,363.9911000009306,327.9561,152.9829,stop,999.89,11.1309,,18,1617.119909441285,0
1,short,ollama,ollama,gemma3:1b-it-qat,ollama,999.9,999.9,Summarize RLHF in one sentence.,31,64,1,6,19,True,0,,kv_decode,ok,,1766554144.7153866,1,,18,11.1309,,138.6893,261.06221176470586,4.079097058823529,,34,64,363.9911000009306,327.9561,152.9829,stop,999.89,261.06221176470586,,64,245.1522936520698,64
1,short,ollama,ollama,gemma3:1b-it-qat,ollama,999.9,999.9,Summarize RLHF in one sentence.,31,64,1,6,20,True,0,,e2e_kv,ok,,1766554144.7153866,1,,18,11.1309,,138.6893,261.06221176470586,4.079097058823529,,34,64,363.9911000009306,327.9561,152.9829,stop,999.89,272.19311176470586,,82,301.2567050957702,64
1,short,ollama,ollama,gemma3:1b-it-qat,ollama,999.9,999.9,Summarize RLHF in one sentence.,31,64,1,7,21,False,,0,prefill,ok,,1766554145.079461,1,,18,4.2402,,133.8574,251.9668705882353,3.9369823529411767,,34,64,317.209400000138,294.2049,128.5373,stop,999.89,4.2402,,18,4245.082779114193,0
1,short,ollama,ollama,gemma3:1b-it-qat,ollama,999.9,999.9,Summarize RLHF in one sentence.,31,64,1,7,22,False,,0,kv_decode,ok,,1766554145.079461,1,,18,4.2402,,133.8574,251.9668705882353,3.9369823529411767,,34,64,317.209400000138,294.2049,128.5373,stop,999.89,251.9668705882353,,64,254.00164652832044,64
1,short,ollama,ollama,gemma3:1b-it-qat,ollama,999.9,999.9,Summarize RLHF in one sentence.,31,64,1,7,23,False,,0,e2e_kv,ok,,1766554145.079461,1,,18,4.2402,,133.8574,251.9668705882353,3.9369823529411767,,34,64,317.209400000138,294.2049,128.5373,stop,999.89,256.2070705882353,,82,320.0536183944228,64
1,short,ollama,ollama,gemma3:1b-it-qat,ollama,999.9,999.9,Summarize RLHF in one sentence.,31,64,1,8,24,False,,1,prefill,ok,,1766554145.396802,1,,18,3.9636,,135.1703,254.43821176470587,3.975597058823529,,34,64,359.9635999999009,327.0869,162.8824,stop,999.89,3.9636,,18,4541.326067211626,0
1,short,ollama,ollama,gemma3:1b-it-qat,ollama,999.9,999.9,Summarize RLHF in one sentence.,31,64,1,8,25,False,,1,kv_decode,ok,,1766554145.396802,1,,18,3.9636,,135.1703,254.43821176470587,3.975597058823529,,34,64,359.9635999999009,327.0869,162.8824,stop,999.89,254.43821176470587,,64,251.53454568052302,64
1,short,ollama,ollama,gemma3:1b-it-qat,ollama,999.9,999.9,Summarize RLHF in one sentence.,31,64,1,8,26,False,,1,e2e_kv,ok,,1766554145.396802,1,,18,3.9636,,135.1703,254.43821176470587,3.975597058823529,,34,64,359.9635999999009,327.0869,162.8824,stop,999.89,258.4018117647059,,82,317.3352363127667,64
1,short,ollama,ollama,gemma3:1b-it-qat,ollama,999.9,999.9,Summarize RLHF in one sentence.,31,64,1,9,27,False,,2,prefill,ok,,1766554145.7568514,1,,18,4.6661,,137.1879,258.23604705882354,4.034938235294118,,34,64,375.6226000004972,347.2532,183.9501,stop,999.89,4.6661,,18,3857.6112813698805,0
1,short,ollama,ollama,gemma3:1b-it-qat,ollama,999.9,999.9,Summarize RLHF in one sentence.,31,64,1,9,28,False,,2,kv_decode,ok,,1766554145.7568514,1,,18,4.6661,,137.1879,258.23604705882354,4.034938235294118,,34,64,375.6226000004972,347.2532,183.9501,stop,999.89,258.23604705882354,,64,247.835268270744,64
1,short,ollama,ollama,gemma3:1b-it-qat,ollama,999.9,999.9,Summarize RLHF in one sentence.,31,64,1,9,29,False,,2,e2e_kv,ok,,1766554145.7568514,1,,18,4.6661,,137.1879,258.23604705882354,4.034938235294118,,34,64,375.6226000004972,347.2532,183.9501,stop,999.89,262.9021470588235,,82,311.9031202953727,64
1,short,ollama,ollama,gemma3:1b-it-qat,ollama,999.9,999.9,Summarize RLHF in one sentence.,31,64,1,10,30,False,,3,prefill,ok,,1766554146.1325889,1,,18,5.0873,,134.5408,253.25327058823527,3.957082352941176,,34,64,322.26880000052915,295.2412,128.0557,stop,999.89,5.0873,,18,3538.2226328307743,0
1,short,ollama,ollama,gemma3:1b-it-qat,ollama,999.9,999.9,Summarize RLHF in one sentence.,31,64,1,10,31,False,,3,kv_decode,ok,,1766554146.1325889,1,,18,5.0873,,134.5408,253.25327058823527,3.957082352941176,,34,64,322.26880000052915,295.2412,128.0557,stop,999.89,253.25327058823527,,64,252.7114451526972,64
1,short,ollama,ollama,gemma3:1b-it-qat,ollama,999.9,999.9,Summarize RLHF in one sentence.,31,64,1,10,32,False,,3,e2e_kv,ok,,1766554146.1325889,1,,18,5.0873,,134.5408,253.25327058823527,3.957082352941176,,34,64,322.26880000052915,295.2412,128.0557,stop,999.89,258.34057058823527,,82,317.4104625273838,64
1,short,ollama,ollama,gemma3:1b-it-qat,ollama,999.9,999.9,Summarize RLHF in one sentence.,31,64,1,11,33,False,,4,prefill,ok,,1766554146.455036,1,,18,4.3922,,141.791,266.90070588235295,4.170323529411765,,34,64,330.7918000009522,306.0233,141.1498,stop,999.89,4.3922,,18,4098.17403579072,0
1,short,ollama,ollama,gemma3:1b-it-qat,ollama,999.9,999.9,Summarize RLHF in one sentence.,31,64,1,11,34,False,,4,kv_decode,ok,,1766554146.455036,1,,18,4.3922,,141.791,266.90070588235295,4.170323529411765,,34,64,330.7918000009522,306.0233,141.1498,stop,999.89,266.90070588235295,,64,239.78954940722613,64
1,short,ollama,ollama,gemma3:1b-it-qat,ollama,999.9,999.9,Summarize RLHF in one sentence.,31,64,1,11,35,False,,4,e2e_kv,ok,,1766554146.455036,1,,18,4.3922,,141.791,266.90070588235295,4.170323529411765,,34,64,330.7918000009522,306.0233,141.1498,stop,999.89,271.29290588235295,,82,302.25633705128865,64
2,short,ollama,ollama,gemma3:latest,ollama,4300.0,4300.0,Summarize RLHF in one sentence.,31,64,1,12,36,True,0,,prefill,ok,,1766554146.7859366,1,,17,20.8818,,348.0612,530.3789714285714,8.287171428571428,,42,64,4638.3633999994345,4585.4545,4164.5476,stop,4300.0,20.8818,,17,814.1060636535165,0
2,short,ollama,ollama,gemma3:latest,ollama,4300.0,4300.0,Summarize RLHF in one sentence.,31,64,1,12,37,True,0,,kv_decode,ok,,1766554146.7859366,1,,17,20.8818,,348.0612,530.3789714285714,8.287171428571428,,42,64,4638.3633999994345,4585.4545,4164.5476,stop,4300.0,530.3789714285714,,64,120.6684341719215,64
2,short,ollama,ollama,gemma3:latest,ollama,4300.0,4300.0,Summarize RLHF in one sentence.,31,64,1,12,38,True,0,,e2e_kv,ok,,1766554146.7859366,1,,17,20.8818,,348.0612,530.3789714285714,8.287171428571428,,42,64,4638.3633999994345,4585.4545,4164.5476,stop,4300.0,551.2607714285714,,81,146.9359043816805,64
2,short,ollama,ollama,gemma3:latest,ollama,4300.0,4300.0,Summarize RLHF in one sentence.,31,64,1,13,39,False,,0,prefill,ok,,1766554151.4244695,1,,17,8.2199,,327.9856,511.9775219512195,7.999648780487805,,41,64,746.793100001014,720.4324,360.5905,stop,4300.0,8.2199,,17,2068.15168067738,0
2,short,ollama,ollama,gemma3:latest,ollama,4300.0,4300.0,Summarize RLHF in one sentence.,31,64,1,13,40,False,,0,kv_decode,ok,,1766554151.4244695,1,,17,8.2199,,327.9856,511.9775219512195,7.999648780487805,,41,64,746.793100001014,720.4324,360.5905,stop,4300.0,511.9775219512195,,64,125.00548804581665,64
2,short,ollama,ollama,gemma3:latest,ollama,4300.0,4300.0,Summarize RLHF in one sentence.,31,64,1,13,41,False,,0,e2e_kv,ok,,1766554151.4244695,1,,17,8.2199,,327.9856,511.9775219512195,7.999648780487805,,41,64,746.793100001014,720.4324,360.5905,stop,4300.0,520.1974219512196,,81,155.71011424119592,64
2,short,ollama,ollama,gemma3:latest,ollama,4300.0,4300.0,Summarize RLHF in one sentence.,31,64,1,14,42,False,,1,prefill,ok,,1766554152.1714537,1,,17,8.8387,,333.4701,520.5386926829268,8.133417073170731,,41,64,662.1618999997736,640.9698,277.7879,stop,4300.0,8.8387,,17,1923.3597701019382,0
2,short,ollama,ollama,gemma3:latest,ollama,4300.0,4300.0,Summarize RLHF in one sentence.,31,64,1,14,43,False,,1,kv_decode,ok,,1766554152.1714537,1,,17,8.8387,,333.4701,520.5386926829268,8.133417073170731,,41,64,662.1618999997736,640.9698,277.7879,stop,4300.0,520.5386926829268,,64,122.94955379807665,64
2,short,ollama,ollama,gemma3:latest,ollama,4300.0,4300.0,Summarize RLHF in one sentence.,31,64,1,14,44,False,,1,e2e_kv,ok,,1766554152.1714537,1,,17,8.8387,,333.4701,520.5386926829268,8.133417073170731,,41,64,662.1618999997736,640.9698,277.7879,stop,4300.0,529.3773926829268,,81,153.00993415960878,64
2,short,ollama,ollama,gemma3:latest,ollama,4300.0,4300.0,Summarize RLHF in one sentence.,31,64,1,15,45,False,,2,prefill,ok,,1766554152.8338084,1,,17,8.8552,,331.7729,517.8894048780488,8.092021951219513,,41,64,669.3694999994477,651.5248,293.1321,stop,4300.0,8.8552,,17,1919.7759508537356,0
2,short,ollama,ollama,gemma3:latest,ollama,4300.0,4300.0,Summarize RLHF in one sentence.,31,64,1,15,46,False,,2,kv_decode,ok,,1766554152.8338084,1,,17,8.8552,,331.7729,517.8894048780488,8.092021951219513,,41,64,669.3694999994477,651.5248,293.1321,stop,4300.0,517.8894048780488,,64,123.57850806982728,64
2,short,ollama,ollama,gemma3:latest,ollama,4300.0,4300.0,Summarize RLHF in one sentence.,31,64,1,15,47,False,,2,e2e_kv,ok,,1766554152.8338084,1,,17,8.8552,,331.7729,517.8894048780488,8.092021951219513,,41,64,669.3694999994477,651.5248,293.1321,stop,4300.0,526.7446048780488,,81,153.774712165781,64
2,short,ollama,ollama,gemma3:latest,ollama,4300.0,4300.0,Summarize RLHF in one sentence.,31,64,1,16,48,False,,3,prefill,ok,,1766554153.5033972,1,,17,9.4353,,324.8756,507.1228878048781,7.92379512195122,,41,64,716.0489000016241,703.3005,345.6099,stop,4300.0,9.4353,,17,1801.7445126281093,0
2,short,ollama,ollama,gemma3:latest,ollama,4300.0,4300.0,Summarize RLHF in one sentence.,31,64,1,16,49,False,,3,kv_decode,ok,,1766554153.5033972,1,,17,9.4353,,324.8756,507.1228878048781,7.92379512195122,,41,64,716.0489000016241,703.3005,345.6099,stop,4300.0,507.1228878048781,,64,126.20215245466262,64
2,short,ollama,ollama,gemma3:latest,ollama,4300.0,4300.0,Summarize RLHF in one sentence.,31,64,1,16,50,False,,3,e2e_kv,ok,,1766554153.5033972,1,,17,9.4353,,324.8756,507.1228878048781,7.92379512195122,,41,64,716.0489000016241,703.3005,345.6099,stop,4300.0,516.5581878048781,,81,156.80711662748146,64
2,short,ollama,ollama,gemma3:latest,ollama,4300.0,4300.0,Summarize RLHF in one sentence.,31,64,1,17,51,False,,4,prefill,ok,,1766554154.2196062,1,,17,8.9919,,326.1896,509.1740097560975,7.955843902439024,,41,64,692.4242000004597,668.6581,312.1603,stop,4300.0,8.9919,,17,1890.5904202671295,0
2,short,ollama,ollama,gemma3:latest,ollama,4300.0,4300.0,Summarize RLHF in one sentence.,31,64,1,17,52,False,,4,kv_decode,ok,,1766554154.2196062,1,,17,8.9919,,326.1896,509.1740097560975,7.955843902439024,,41,64,692.4242000004597,668.6581,312.1603,stop,4300.0,509.1740097560975,,64,125.69376828691045,64
2,short,ollama,ollama,gemma3:latest,ollama,4300.0,4300.0,Summarize RLHF in one sentence.,31,64,1,17,53,False,,4,e2e_kv,ok,,1766554154.2196062,1,,17,8.9919,,326.1896,509.1740097560975,7.955843902439024,,41,64,692.4242000004597,668.6581,312.1603,stop,4300.0,518.1659097560976,,81,156.32058858933226,64
3,medium,ollama,ollama,gemma3:1b-it-qat,ollama,999.9,999.9,Explain how backpressure works in an inference service and when to enable queueing.,83,64,1,18,54,True,0,,prefill,ok,,1766554154.9121664,1,,26,11.9988,,265.0108,265.0108,4.14079375,,64,64,2442.6726999990933,2401.7495,2070.7065,length,999.89,11.9988,,26,2166.8833550021673,0
3,medium,ollama,ollama,gemma3:1b-it-qat,ollama,999.9,999.9,Explain how backpressure works in an inference service and when to enable queueing.,83,64,1,18,55,True,0,,kv_decode,ok,,1766554154.9121664,1,,26,11.9988,,265.0108,265.0108,4.14079375,,64,64,2442.6726999990933,2401.7495,2070.7065,length,999.89,265.0108,,64,241.49959171475277,64
3,medium,ollama,ollama,gemma3:1b-it-qat,ollama,999.9,999.9,Explain how backpressure works in an inference service and when to enable queueing.,83,64,1,18,56,True,0,,e2e_kv,ok,,1766554154.9121664,1,,26,11.9988,,265.0108,265.0108,4.14079375,,64,64,2442.6726999990933,2401.7495,2070.7065,length,999.89,277.00960000000003,,90,324.89848727264325,64
3,medium,ollama,ollama,gemma3:1b-it-qat,ollama,999.9,999.9,Explain how backpressure works in an inference service and when to enable queueing.,83,64,1,19,57,False,,0,prefill,ok,,1766554157.3550293,1,,26,3.9302,,249.8822,249.8822,3.904409375,,64,64,486.45099999885133,453.5723,150.6252,length,999.89,3.9302,,26,6615.439417841331,0
3,medium,ollama,ollama,gemma3:1b-it-qat,ollama,999.9,999.9,Explain how backpressure works in an inference service and when to enable queueing.,83,64,1,19,58,False,,0,kv_decode,ok,,1766554157.3550293,1,,26,3.9302,,249.8822,249.8822,3.904409375,,64,64,486.45099999885133,453.5723,150.6252,length,999.89,249.8822,,64,256.12068406633205,64
3,medium,ollama,ollama,gemma3:1b-it-qat,ollama,999.9,999.9,Explain how backpressure works in an inference service and when to enable queueing.,83,64,1,19,59,False,,0,e2e_kv,ok,,1766554157.3550293,1,,26,3.9302,,249.8822,249.8822,3.904409375,,64,64,486.45099999885133,453.5723,150.6252,length,999.89,253.81240000000003,,90,354.592604616638,64
3,medium,ollama,ollama,gemma3:1b-it-qat,ollama,999.9,999.9,Explain how backpressure works in an inference service and when to enable queueing.,83,64,1,20,60,False,,1,prefill,ok,,1766554157.8416054,1,,26,4.2741,,254.1821,254.1821,3.9715953125,,64,64,477.0496000001003,450.5918,153.4447,length,999.89,4.2741,,26,6083.152008610001,0
3,medium,ollama,ollama,gemma3:1b-it-qat,ollama,999.9,999.9,Explain how backpressure works in an inference service and when to enable queueing.,83,64,1,20,61,False,,1,kv_decode,ok,,1766554157.8416054,1,,26,4.2741,,254.1821,254.1821,3.9715953125,,64,64,477.0496000001003,450.5918,153.4447,length,999.89,254.1821,,64,251.7879897915707,64
3,medium,ollama,ollama,gemma3:1b-it-qat,ollama,999.9,999.9,Explain how backpressure works in an inference service and when to enable queueing.,83,64,1,20,62,False,,1,e2e_kv,ok,,1766554157.8416054,1,,26,4.2741,,254.1821,254.1821,3.9715953125,,64,64,477.0496000001003,450.5918,153.4447,length,999.89,258.45619999999997,,90,348.221478146007,64
3,medium,ollama,ollama,gemma3:1b-it-qat,ollama,999.9,999.9,Explain how backpressure works in an inference service and when to enable queueing.,83,64,1,21,63,False,,2,prefill,ok,,1766554158.318781,1,,26,4.78,,250.0945,250.0945,3.9077265625,,64,64,477.0165999998426,447.8844,143.7685,length,999.89,4.78,,26,5439.330543933054,0
3,medium,ollama,ollama,gemma3:1b-it-qat,ollama,999.9,999.9,Explain how backpressure works in an inference service and when to enable queueing.,83,64,1,21,64,False,,2,kv_decode,ok,,1766554158.318781,1,,26,4.78,,250.0945,250.0945,3.9077265625,,64,64,477.0165999998426,447.8844,143.7685,length,999.89,250.0945,,64,255.90326856448263,64
3,medium,ollama,ollama,gemma3:1b-it-qat,ollama,999.9,999.9,Explain how backpressure works in an inference service and when to enable queueing.,83,64,1,21,65,False,,2,e2e_kv,ok,,1766554158.318781,1,,26,4.78,,250.0945,250.0945,3.9077265625,,64,64,477.0165999998426,447.8844,143.7685,length,999.89,254.8745,,90,353.11496442366735,64
3,medium,ollama,ollama,gemma3:1b-it-qat,ollama,999.9,999.9,Explain how backpressure works in an inference service and when to enable queueing.,83,64,1,22,66,False,,3,prefill,ok,,1766554158.795996,1,,26,5.1785,,258.0315,258.0315,4.0317421875,,64,64,486.9458000011946,456.3676,145.1012,length,999.89,5.1785,,26,5020.758907019407,0
3,medium,ollama,ollama,gemma3:1b-it-qat,ollama,999.9,999.9,Explain how backpressure works in an inference service and when to enable queueing.,83,64,1,22,67,False,,3,kv_decode,ok,,1766554158.795996,1,,26,5.1785,,258.0315,258.0315,4.0317421875,,64,64,486.9458000011946,456.3676,145.1012,length,999.89,258.0315,,64,248.0317325597844,64
3,medium,ollama,ollama,gemma3:1b-it-qat,ollama,999.9,999.9,Explain how backpressure works in an inference service and when to enable queueing.,83,64,1,22,68,False,,3,e2e_kv,ok,,1766554158.795996,1,,26,5.1785,,258.0315,258.0315,4.0317421875,,64,64,486.9458000011946,456.3676,145.1012,length,999.89,263.21,,90,341.9322974051138,64
3,medium,ollama,ollama,gemma3:1b-it-qat,ollama,999.9,999.9,Explain how backpressure works in an inference service and when to enable queueing.,83,64,1,23,69,False,,4,prefill,ok,,1766554159.2830756,1,,26,4.5946,,259.8792,259.8792,4.0606125,,64,64,489.9645999994391,465.2434,168.9785,length,999.89,4.5946,,26,5658.816871980151,0
3,medium,ollama,ollama,gemma3:1b-it-qat,ollama,999.9,999.9,Explain how backpressure works in an inference service and when to enable queueing.,83,64,1,23,70,False,,4,kv_decode,ok,,1766554159.2830756,1,,26,4.5946,,259.8792,259.8792,4.0606125,,64,64,489.9645999994391,465.2434,168.9785,length,999.89,259.8792,,64,246.26826617905547,64
3,medium,ollama,ollama,gemma3:1b-it-qat,ollama,999.9,999.9,Explain how backpressure works in an inference service and when to enable queueing.,83,64,1,23,71,False,,4,e2e_kv,ok,,1766554159.2830756,1,,26,4.5946,,259.8792,259.8792,4.0606125,,64,64,489.9645999994391,465.2434,168.9785,length,999.89,264.47380000000004,,90,340.2983584763405,64
4,short,ollama,ollama,gemma3:270m,ollama,268.1,268.1,Summarize RLHF in one sentence.,31,64,1,24,72,True,0,,prefill,ok,,1766554159.773265,1,,17,8.1332,,67.8206,117.31130810810811,1.8329891891891892,,37,64,1693.2804999996733,1648.8878,1521.7459,stop,268.1,8.1332,,17,2090.1981999704913,0
4,short,ollama,ollama,gemma3:270m,ollama,268.1,268.1,Summarize RLHF in one sentence.,31,64,1,24,73,True,0,,kv_decode,ok,,1766554159.773265,1,,17,8.1332,,67.8206,117.31130810810811,1.8329891891891892,,37,64,1693.2804999996733,1648.8878,1521.7459,stop,268.1,117.31130810810811,,64,545.5569546715894,64
4,short,ollama,ollama,gemma3:270m,ollama,268.1,268.1,Summarize RLHF in one sentence.,31,64,1,24,74,True,0,,e2e_kv,ok,,1766554159.773265,1,,17,8.1332,,67.8206,117.31130810810811,1.8329891891891892,,37,64,1693.2804999996733,1648.8878,1521.7459,stop,268.1,125.44450810810811,,81,645.7038352782585,64
4,short,ollama,ollama,gemma3:270m,ollama,268.1,268.1,Summarize RLHF in one sentence.,31,64,1,25,75,False,,0,prefill,ok,,1766554161.4666755,1,,17,2.1638,,92.9458,123.92773333333334,1.9363708333333334,,48,64,308.0900000004476,284.6971,156.8658,stop,268.1,2.1638,,17,7856.548664386727,0
4,short,ollama,ollama,gemma3:270m,ollama,268.1,268.1,Summarize RLHF in one sentence.,31,64,1,25,76,False,,0,kv_decode,ok,,1766554161.4666755,1,,17,2.1638,,92.9458,123.92773333333334,1.9363708333333334,,48,64,308.0900000004476,284.6971,156.8658,stop,268.1,123.92773333333334,,64,516.430005444033,64
4,short,ollama,ollama,gemma3:270m,ollama,268.1,268.1,Summarize RLHF in one sentence.,31,64,1,25,77,False,,0,e2e_kv,ok,,1766554161.4666755,1,,17,2.1638,,92.9458,123.92773333333334,1.9363708333333334,,48,64,308.0900000004476,284.6971,156.8658,stop,268.1,126.09153333333333,,81,642.3904750675831,64
4,short,ollama,ollama,gemma3:270m,ollama,268.1,268.1,Summarize RLHF in one sentence.,31,64,1,26,78,False,,1,prefill,ok,,1766554161.774883,1,,17,2.3405,,91.5725,122.09666666666668,1.9077604166666668,,48,64,310.4787000011129,285.0565,159.7607,stop,268.1,2.3405,,17,7263.405255287332,0
4,short,ollama,ollama,gemma3:270m,ollama,268.1,268.1,Summarize RLHF in one sentence.,31,64,1,26,79,False,,1,kv_decode,ok,,1766554161.774883,1,,17,2.3405,,91.5725,122.09666666666668,1.9077604166666668,,48,64,310.4787000011129,285.0565,159.7607,stop,268.1,122.09666666666668,,64,524.1748341478063,64
4,short,ollama,ollama,gemma3:270m,ollama,268.1,268.1,Summarize RLHF in one sentence.,31,64,1,26,80,False,,1,e2e_kv,ok,,1766554161.774883,1,,17,2.3405,,91.5725,122.09666666666668,1.9077604166666668,,48,64,310.4787000011129,285.0565,159.7607,stop,268.1,124.43716666666668,,81,650.9309249782018,64
4,short,ollama,ollama,gemma3:270m,ollama,268.1,268.1,Summarize RLHF in one sentence.,31,64,1,27,81,False,,2,prefill,ok,,1766554162.0855298,1,,17,2.371,,92.6226,123.49680000000001,1.9296375000000001,,48,64,300.51559999992605,270.5346,143.1737,stop,268.1,2.371,,17,7169.970476592156,0
4,short,ollama,ollama,gemma3:270m,ollama,268.1,268.1,Summarize RLHF in one sentence.,31,64,1,27,82,False,,2,kv_decode,ok,,1766554162.0855298,1,,17,2.371,,92.6226,123.49680000000001,1.9296375000000001,,48,64,300.51559999992605,270.5346,143.1737,stop,268.1,123.49680000000001,,64,518.2320513567963,64
4,short,ollama,ollama,gemma3:270m,ollama,268.1,268.1,Summarize RLHF in one sentence.,31,64,1,27,83,False,,2,e2e_kv,ok,,1766554162.0855298,1,,17,2.371,,92.6226,123.49680000000001,1.9296375000000001,,48,64,300.51559999992605,270.5346,143.1737,stop,268.1,125.8678,,81,643.5323410753186,64
4,short,ollama,ollama,gemma3:270m,ollama,268.1,268.1,Summarize RLHF in one sentence.,31,64,1,28,84,False,,3,prefill,ok,,1766554162.3861892,1,,17,2.8648,,90.4485,120.598,1.88434375,,48,64,292.1311999998579,270.8403,137.1683,stop,268.1,2.8648,,17,5934.096621055572,0
4,short,ollama,ollama,gemma3:270m,ollama,268.1,268.1,Summarize RLHF in one sentence.,31,64,1,28,85,False,,3,kv_decode,ok,,1766554162.3861892,1,,17,2.8648,,90.4485,120.598,1.88434375,,48,64,292.1311999998579,270.8403,137.1683,stop,268.1,120.598,,64,530.6887344732086,64
4,short,ollama,ollama,gemma3:270m,ollama,268.1,268.1,Summarize RLHF in one sentence.,31,64,1,28,86,False,,3,e2e_kv,ok,,1766554162.3861892,1,,17,2.8648,,90.4485,120.598,1.88434375,,48,64,292.1311999998579,270.8403,137.1683,stop,268.1,123.4628,,81,656.0680626067124,64
4,short,ollama,ollama,gemma3:270m,ollama,268.1,268.1,Summarize RLHF in one sentence.,31,64,1,29,87,False,,4,prefill,ok,,1766554162.6784422,1,,17,3.0576,,95.2041,126.9388,1.98341875,,48,64,286.3171000008151,264.7837,140.3458,stop,268.1,3.0576,,17,5559.916274201989,0
4,short,ollama,ollama,gemma3:270m,ollama,268.1,268.1,Summarize RLHF in one sentence.,31,64,1,29,88,False,,4,kv_decode,ok,,1766554162.6784422,1,,17,3.0576,,95.2041,126.9388,1.98341875,,48,64,286.3171000008151,264.7837,140.3458,stop,268.1,126.9388,,64,504.17996703923467,64
4,short,ollama,ollama,gemma3:270m,ollama,268.1,268.1,Summarize RLHF in one sentence.,31,64,1,29,89,False,,4,e2e_kv,ok,,1766554162.6784422,1,,17,3.0576,,95.2041,126.9388,1.98341875,,48,64,286.3171000008151,264.7837,140.3458,stop,268.1,129.9964,,81,623.0941779926214,64
5,medium,ollama,ollama,gemma3:latest,ollama,4300.0,4300.0,Explain how backpressure works in an inference service and when to enable queueing.,83,64,1,30,90,True,0,,prefill,ok,,1766554162.9649317,1,,25,18.4851,,516.3649,516.3649,8.0682015625,,64,64,874.7299000006024,871.8102,306.7569,length,4300.0,18.4851,,25,1352.4406143326246,0
5,medium,ollama,ollama,gemma3:latest,ollama,4300.0,4300.0,Explain how backpressure works in an inference service and when to enable queueing.,83,64,1,30,91,True,0,,kv_decode,ok,,1766554162.9649317,1,,25,18.4851,,516.3649,516.3649,8.0682015625,,64,64,874.7299000006024,871.8102,306.7569,length,4300.0,516.3649,,64,123.9433586597385,64
5,medium,ollama,ollama,gemma3:latest,ollama,4300.0,4300.0,Explain how backpressure works in an inference service and when to enable queueing.,83,64,1,30,92,True,0,,e2e_kv,ok,,1766554162.9649317,1,,25,18.4851,,516.3649,516.3649,8.0682015625,,64,64,874.7299000006024,871.8102,306.7569,length,4300.0,534.85,,89,166.40179489576516,64
5,medium,ollama,ollama,gemma3:latest,ollama,4300.0,4300.0,Explain how backpressure works in an inference service and when to enable queueing.,83,64,1,31,93,False,,0,prefill,ok,,1766554163.8397934,1,,25,9.5263,,503.1092,503.1092,7.86108125,,64,64,865.6437999998161,838.929,290.4847,length,4300.0,9.5263,,25,2624.3137419564778,0
5,medium,ollama,ollama,gemma3:latest,ollama,4300.0,4300.0,Explain how backpressure works in an inference service and when to enable queueing.,83,64,1,31,94,False,,0,kv_decode,ok,,1766554163.8397934,1,,25,9.5263,,503.1092,503.1092,7.86108125,,64,64,865.6437999998161,838.929,290.4847,length,4300.0,503.1092,,64,127.20896377963273,64
5,medium,ollama,ollama,gemma3:latest,ollama,4300.0,4300.0,Explain how backpressure works in an inference service and when to enable queueing.,83,64,1,31,95,False,,0,e2e_kv,ok,,1766554163.8397934,1,,25,9.5263,,503.1092,503.1092,7.86108125,,64,64,865.6437999998161,838.929,290.4847,length,4300.0,512.6355,,89,173.61263509842763,64
5,medium,ollama,ollama,gemma3:latest,ollama,4300.0,4300.0,Explain how backpressure works in an inference service and when to enable queueing.,83,64,1,32,96,False,,1,prefill,ok,,1766554164.7074323,1,,25,9.7444,,506.8591,506.8591,7.9196734375,,64,64,820.1468000006571,807.9645,258.974,length,4300.0,9.7444,,25,2565.576125774804,0
5,medium,ollama,ollama,gemma3:latest,ollama,4300.0,4300.0,Explain how backpressure works in an inference service and when to enable queueing.,83,64,1,32,97,False,,1,kv_decode,ok,,1766554164.7074323,1,,25,9.7444,,506.8591,506.8591,7.9196734375,,64,64,820.1468000006571,807.9645,258.974,length,4300.0,506.8591,,64,126.2678326185719,64
5,medium,ollama,ollama,gemma3:latest,ollama,4300.0,4300.0,Explain how backpressure works in an inference service and when to enable queueing.,83,64,1,32,98,False,,1,e2e_kv,ok,,1766554164.7074323,1,,25,9.7444,,506.8591,506.8591,7.9196734375,,64,64,820.1468000006571,807.9645,258.974,length,4300.0,516.6035,,89,172.27912702875605,64
5,medium,ollama,ollama,gemma3:latest,ollama,4300.0,4300.0,Explain how backpressure works in an inference service and when to enable queueing.,83,64,1,33,99,False,,2,prefill,ok,,1766554165.5276966,1,,25,9.3728,,507.9475,507.9475,7.9366796875,,64,64,838.5109999999258,835.8742,289.6489,length,4300.0,9.3728,,25,2667.2925913280983,0
5,medium,ollama,ollama,gemma3:latest,ollama,4300.0,4300.0,Explain how backpressure works in an inference service and when to enable queueing.,83,64,1,33,100,False,,2,kv_decode,ok,,1766554165.5276966,1,,25,9.3728,,507.9475,507.9475,7.9366796875,,64,64,838.5109999999258,835.8742,289.6489,length,4300.0,507.9475,,64,125.99727334025663,64
5,medium,ollama,ollama,gemma3:latest,ollama,4300.0,4300.0,Explain how backpressure works in an inference service and when to enable queueing.,83,64,1,33,101,False,,2,e2e_kv,ok,,1766554165.5276966,1,,25,9.3728,,507.9475,507.9475,7.9366796875,,64,64,838.5109999999258,835.8742,289.6489,length,4300.0,517.3203,,89,172.0404167398805,64
5,medium,ollama,ollama,gemma3:latest,ollama,4300.0,4300.0,Explain how backpressure works in an inference service and when to enable queueing.,83,64,1,34,102,False,,3,prefill,ok,,1766554166.3663304,1,,25,8.7628,,514.2779,514.2779,8.0355921875,,64,64,908.6175000011281,883.7022,327.1889,length,4300.0,8.7628,,25,2852.969370520838,0
5,medium,ollama,ollama,gemma3:latest,ollama,4300.0,4300.0,Explain how backpressure works in an inference service and when to enable queueing.,83,64,1,34,103,False,,3,kv_decode,ok,,1766554166.3663304,1,,25,8.7628,,514.2779,514.2779,8.0355921875,,64,64,908.6175000011281,883.7022,327.1889,length,4300.0,514.2779,,64,124.44633533737303,64
5,medium,ollama,ollama,gemma3:latest,ollama,4300.0,4300.0,Explain how backpressure works in an inference service and when to enable queueing.,83,64,1,34,104,False,,3,e2e_kv,ok,,1766554166.3663304,1,,25,8.7628,,514.2779,514.2779,8.0355921875,,64,64,908.6175000011281,883.7022,327.1889,length,4300.0,523.0407,,89,170.1588423233603,64
5,medium,ollama,ollama,gemma3:latest,ollama,4300.0,4300.0,Explain how backpressure works in an inference service and when to enable queueing.,83,64,1,35,105,False,,4,prefill,ok,,1766554167.2751093,1,,25,9.4418,,513.5292,513.5292,8.02389375,,64,64,869.6388000007573,848.4497,298.949,length,4300.0,9.4418,,25,2647.800207587536,0
5,medium,ollama,ollama,gemma3:latest,ollama,4300.0,4300.0,Explain how backpressure works in an inference service and when to enable queueing.,83,64,1,35,106,False,,4,kv_decode,ok,,1766554167.2751093,1,,25,9.4418,,513.5292,513.5292,8.02389375,,64,64,869.6388000007573,848.4497,298.949,length,4300.0,513.5292,,64,124.62777189690482,64
5,medium,ollama,ollama,gemma3:latest,ollama,4300.0,4300.0,Explain how backpressure works in an inference service and when to enable queueing.,83,64,1,35,107,False,,4,e2e_kv,ok,,1766554167.2751093,1,,25,9.4418,,513.5292,513.5292,8.02389375,,64,64,869.6388000007573,848.4497,298.949,length,4300.0,522.971,,89,170.18152058144716,64
