timestamp,power.draw [W],utilization.gpu [%],memory.used [MiB]
2025/11/27 16:59:55.309, 53.51 W, 0 %, 9723 MiB
2025/11/27 16:59:55.493, 53.51 W, 0 %, 9723 MiB
2025/11/27 16:59:55.708, 53.51 W, 0 %, 9725 MiB
2025/11/27 16:59:55.892, 55.31 W, 0 %, 9725 MiB
2025/11/27 16:59:56.109, 55.31 W, 0 %, 9725 MiB
2025/11/27 16:59:56.277, 91.43 W, 100 %, 9725 MiB
2025/11/27 16:59:56.447, 91.43 W, 100 %, 9725 MiB
2025/11/27 16:59:56.615, 91.43 W, 100 %, 9725 MiB
2025/11/27 16:59:56.783, 131.82 W, 100 %, 9725 MiB
2025/11/27 16:59:56.952, 131.82 W, 100 %, 9725 MiB
2025/11/27 16:59:57.121, 131.82 W, 100 %, 9725 MiB
2025/11/27 16:59:57.290, 132.35 W, 100 %, 9725 MiB
2025/11/27 16:59:57.459, 132.35 W, 100 %, 9725 MiB
2025/11/27 16:59:57.629, 132.35 W, 100 %, 9725 MiB
2025/11/27 16:59:57.797, 132.61 W, 100 %, 9725 MiB
2025/11/27 16:59:57.967, 132.61 W, 100 %, 9725 MiB
2025/11/27 16:59:58.136, 132.61 W, 100 %, 9725 MiB
2025/11/27 16:59:58.305, 133.22 W, 100 %, 9725 MiB
2025/11/27 16:59:58.474, 133.22 W, 100 %, 9725 MiB
2025/11/27 16:59:58.643, 133.22 W, 100 %, 9725 MiB
2025/11/27 16:59:58.813, 133.83 W, 100 %, 9725 MiB
2025/11/27 16:59:58.983, 133.83 W, 100 %, 9725 MiB
2025/11/27 16:59:59.152, 133.83 W, 100 %, 9725 MiB
2025/11/27 16:59:59.321, 133.21 W, 100 %, 9725 MiB
2025/11/27 16:59:59.489, 133.21 W, 100 %, 9725 MiB
2025/11/27 16:59:59.658, 133.21 W, 100 %, 9725 MiB
2025/11/27 16:59:59.827, 133.25 W, 100 %, 9725 MiB
2025/11/27 16:59:59.995, 133.25 W, 100 %, 9725 MiB
2025/11/27 17:00:00.180, 133.25 W, 100 %, 9725 MiB
2025/11/27 17:00:00.351, 133.79 W, 100 %, 9725 MiB
2025/11/27 17:00:00.521, 133.79 W, 100 %, 9725 MiB
2025/11/27 17:00:00.690, 133.79 W, 100 %, 9725 MiB
2025/11/27 17:00:00.858, 134.06 W, 100 %, 9725 MiB
2025/11/27 17:00:01.028, 134.06 W, 100 %, 9725 MiB
2025/11/27 17:00:01.196, 134.06 W, 100 %, 9725 MiB
2025/11/27 17:00:01.364, 133.79 W, 100 %, 9725 MiB
2025/11/27 17:00:01.518, 133.79 W, 100 %, 9725 MiB
2025/11/27 17:00:01.687, 133.79 W, 100 %, 9725 MiB
2025/11/27 17:00:01.855, 134.07 W, 100 %, 9725 MiB
2025/11/27 17:00:02.024, 134.07 W, 100 %, 9725 MiB
2025/11/27 17:00:02.193, 134.07 W, 100 %, 9725 MiB
2025/11/27 17:00:02.363, 135.21 W, 100 %, 9725 MiB
2025/11/27 17:00:02.532, 135.21 W, 100 %, 9725 MiB
2025/11/27 17:00:02.700, 135.21 W, 100 %, 9725 MiB
2025/11/27 17:00:02.869, 134.55 W, 100 %, 9725 MiB
2025/11/27 17:00:03.038, 134.55 W, 100 %, 9725 MiB
2025/11/27 17:00:03.205, 134.55 W, 100 %, 9725 MiB
2025/11/27 17:00:03.373, 133.93 W, 100 %, 9725 MiB
2025/11/27 17:00:03.544, 133.93 W, 100 %, 9725 MiB
2025/11/27 17:00:03.697, 133.93 W, 100 %, 9725 MiB
2025/11/27 17:00:03.883, 134.20 W, 100 %, 9725 MiB
2025/11/27 17:00:04.052, 134.20 W, 100 %, 9725 MiB
2025/11/27 17:00:04.221, 134.20 W, 100 %, 9725 MiB
2025/11/27 17:00:04.392, 133.79 W, 99 %, 9725 MiB
2025/11/27 17:00:04.562, 133.79 W, 99 %, 9725 MiB
2025/11/27 17:00:04.730, 133.79 W, 99 %, 9725 MiB
2025/11/27 17:00:04.899, 133.66 W, 99 %, 9725 MiB
2025/11/27 17:00:05.054, 133.66 W, 99 %, 9725 MiB
2025/11/27 17:00:05.222, 133.66 W, 99 %, 9725 MiB
2025/11/27 17:00:05.392, 134.44 W, 100 %, 9725 MiB
2025/11/27 17:00:05.560, 134.44 W, 100 %, 9725 MiB
2025/11/27 17:00:05.729, 134.44 W, 100 %, 9725 MiB
2025/11/27 17:00:05.898, 134.82 W, 100 %, 9725 MiB
2025/11/27 17:00:06.082, 134.82 W, 100 %, 9725 MiB
2025/11/27 17:00:06.251, 134.82 W, 100 %, 9725 MiB
2025/11/27 17:00:06.434, 134.36 W, 100 %, 9725 MiB
2025/11/27 17:00:06.604, 134.36 W, 100 %, 9725 MiB
2025/11/27 17:00:06.774, 133.79 W, 100 %, 9725 MiB
2025/11/27 17:00:06.944, 133.79 W, 100 %, 9725 MiB
2025/11/27 17:00:07.112, 133.79 W, 100 %, 9725 MiB
2025/11/27 17:00:07.281, 134.85 W, 100 %, 9725 MiB
2025/11/27 17:00:07.450, 134.85 W, 100 %, 9725 MiB
2025/11/27 17:00:07.604, 134.85 W, 100 %, 9725 MiB
2025/11/27 17:00:07.757, 134.85 W, 100 %, 9725 MiB
2025/11/27 17:00:07.926, 135.29 W, 100 %, 9725 MiB
2025/11/27 17:00:08.095, 135.29 W, 100 %, 9725 MiB
2025/11/27 17:00:08.265, 135.29 W, 100 %, 9725 MiB
2025/11/27 17:00:08.448, 134.29 W, 100 %, 9725 MiB
2025/11/27 17:00:08.616, 134.29 W, 100 %, 9725 MiB
2025/11/27 17:00:08.787, 133.67 W, 100 %, 9725 MiB
2025/11/27 17:00:08.956, 133.67 W, 100 %, 9725 MiB
2025/11/27 17:00:09.124, 133.67 W, 100 %, 9725 MiB
2025/11/27 17:00:09.278, 134.42 W, 100 %, 9725 MiB
2025/11/27 17:00:09.447, 134.42 W, 100 %, 9725 MiB
2025/11/27 17:00:09.616, 134.42 W, 100 %, 9725 MiB
2025/11/27 17:00:09.801, 134.77 W, 100 %, 9725 MiB
2025/11/27 17:00:09.970, 134.77 W, 100 %, 9725 MiB
2025/11/27 17:00:10.139, 134.77 W, 100 %, 9725 MiB
2025/11/27 17:00:10.309, 134.08 W, 100 %, 9725 MiB
2025/11/27 17:00:10.477, 134.08 W, 100 %, 9725 MiB
2025/11/27 17:00:10.645, 134.08 W, 100 %, 9725 MiB
2025/11/27 17:00:10.814, 133.77 W, 100 %, 9725 MiB
2025/11/27 17:00:10.982, 133.77 W, 100 %, 9725 MiB
2025/11/27 17:00:11.152, 133.77 W, 100 %, 9725 MiB
2025/11/27 17:00:11.322, 134.40 W, 100 %, 9725 MiB
2025/11/27 17:00:11.491, 134.40 W, 100 %, 9725 MiB
2025/11/27 17:00:11.660, 134.40 W, 100 %, 9725 MiB
2025/11/27 17:00:11.830, 134.91 W, 100 %, 9725 MiB
2025/11/27 17:00:11.998, 134.91 W, 100 %, 9725 MiB
2025/11/27 17:00:12.185, 134.91 W, 100 %, 9725 MiB
2025/11/27 17:00:12.354, 135.05 W, 100 %, 9725 MiB
2025/11/27 17:00:12.522, 135.05 W, 100 %, 9725 MiB
2025/11/27 17:00:12.691, 135.05 W, 100 %, 9725 MiB
2025/11/27 17:00:12.860, 134.10 W, 100 %, 9725 MiB
2025/11/27 17:00:13.028, 134.10 W, 100 %, 9725 MiB
2025/11/27 17:00:13.197, 134.10 W, 100 %, 9725 MiB
2025/11/27 17:00:13.367, 133.20 W, 100 %, 9725 MiB
2025/11/27 17:00:13.536, 133.20 W, 100 %, 9725 MiB
2025/11/27 17:00:13.705, 133.20 W, 100 %, 9725 MiB
2025/11/27 17:00:13.873, 133.45 W, 100 %, 9725 MiB
2025/11/27 17:00:14.042, 133.45 W, 100 %, 9725 MiB
2025/11/27 17:00:14.210, 133.45 W, 100 %, 9725 MiB
2025/11/27 17:00:14.380, 134.14 W, 100 %, 9725 MiB
2025/11/27 17:00:14.549, 134.14 W, 100 %, 9725 MiB
2025/11/27 17:00:14.735, 134.14 W, 100 %, 9725 MiB
2025/11/27 17:00:14.905, 134.52 W, 100 %, 9725 MiB
2025/11/27 17:00:15.074, 134.52 W, 100 %, 9725 MiB
2025/11/27 17:00:15.245, 134.52 W, 100 %, 9725 MiB
2025/11/27 17:00:15.412, 133.95 W, 100 %, 9725 MiB
2025/11/27 17:00:15.582, 133.95 W, 100 %, 9725 MiB
2025/11/27 17:00:15.737, 133.95 W, 100 %, 9725 MiB
2025/11/27 17:00:15.908, 133.54 W, 100 %, 9725 MiB
2025/11/27 17:00:16.076, 133.54 W, 100 %, 9725 MiB
2025/11/27 17:00:16.247, 133.54 W, 100 %, 9725 MiB
2025/11/27 17:00:16.416, 134.25 W, 100 %, 9725 MiB
2025/11/27 17:00:16.571, 134.25 W, 100 %, 9725 MiB
2025/11/27 17:00:16.739, 134.25 W, 100 %, 9725 MiB
2025/11/27 17:00:16.894, 135.08 W, 100 %, 9725 MiB
2025/11/27 17:00:17.063, 135.08 W, 100 %, 9725 MiB
2025/11/27 17:00:17.232, 135.08 W, 100 %, 9725 MiB
2025/11/27 17:00:17.402, 134.69 W, 99 %, 9725 MiB
2025/11/27 17:00:17.572, 134.69 W, 99 %, 9725 MiB
2025/11/27 17:00:17.742, 134.69 W, 99 %, 9725 MiB
2025/11/27 17:00:17.911, 133.37 W, 99 %, 9725 MiB
2025/11/27 17:00:18.080, 133.37 W, 99 %, 9725 MiB
2025/11/27 17:00:18.249, 133.37 W, 99 %, 9725 MiB
2025/11/27 17:00:18.419, 132.80 W, 100 %, 9725 MiB
2025/11/27 17:00:18.589, 132.80 W, 100 %, 9725 MiB
2025/11/27 17:00:18.759, 132.80 W, 100 %, 9725 MiB
2025/11/27 17:00:18.928, 133.27 W, 100 %, 9725 MiB
2025/11/27 17:00:19.097, 133.27 W, 100 %, 9725 MiB
2025/11/27 17:00:19.266, 133.27 W, 100 %, 9725 MiB
2025/11/27 17:00:19.435, 133.16 W, 100 %, 9725 MiB
2025/11/27 17:00:19.604, 133.16 W, 100 %, 9725 MiB
2025/11/27 17:00:19.775, 133.34 W, 100 %, 9725 MiB
2025/11/27 17:00:19.960, 133.34 W, 100 %, 9725 MiB
2025/11/27 17:00:20.132, 133.34 W, 100 %, 9725 MiB
2025/11/27 17:00:20.302, 130.08 W, 99 %, 9725 MiB
2025/11/27 17:00:20.472, 130.08 W, 99 %, 9727 MiB
2025/11/27 17:00:20.674, 130.08 W, 99 %, 9727 MiB
2025/11/27 17:00:20.843, 134.91 W, 99 %, 9727 MiB
2025/11/27 17:00:21.012, 134.91 W, 99 %, 9727 MiB
2025/11/27 17:00:21.181, 134.91 W, 99 %, 9727 MiB
2025/11/27 17:00:21.349, 140.01 W, 100 %, 9727 MiB
2025/11/27 17:00:21.519, 140.01 W, 100 %, 9727 MiB
2025/11/27 17:00:21.674, 140.01 W, 100 %, 9727 MiB
2025/11/27 17:00:21.842, 132.60 W, 100 %, 9727 MiB
2025/11/27 17:00:22.012, 132.60 W, 100 %, 9727 MiB
2025/11/27 17:00:22.180, 132.60 W, 100 %, 9727 MiB
2025/11/27 17:00:22.350, 132.74 W, 100 %, 9727 MiB
2025/11/27 17:00:22.504, 132.74 W, 100 %, 9727 MiB
2025/11/27 17:00:22.688, 132.74 W, 100 %, 9727 MiB
2025/11/27 17:00:22.856, 133.05 W, 100 %, 9727 MiB
2025/11/27 17:00:23.026, 133.05 W, 100 %, 9727 MiB
2025/11/27 17:00:23.195, 133.05 W, 100 %, 9727 MiB
2025/11/27 17:00:23.365, 133.01 W, 98 %, 9727 MiB
2025/11/27 17:00:23.533, 133.01 W, 98 %, 9727 MiB
2025/11/27 17:00:23.702, 133.01 W, 98 %, 9727 MiB
2025/11/27 17:00:23.871, 133.42 W, 98 %, 9727 MiB
2025/11/27 17:00:24.039, 133.42 W, 98 %, 9727 MiB
2025/11/27 17:00:24.207, 133.42 W, 98 %, 9727 MiB
2025/11/27 17:00:24.376, 133.59 W, 100 %, 9727 MiB
2025/11/27 17:00:24.545, 133.59 W, 100 %, 9727 MiB
2025/11/27 17:00:24.713, 133.59 W, 100 %, 9727 MiB
2025/11/27 17:00:24.883, 132.85 W, 100 %, 9727 MiB
2025/11/27 17:00:25.052, 132.85 W, 100 %, 9727 MiB
2025/11/27 17:00:25.221, 132.85 W, 100 %, 9727 MiB
2025/11/27 17:00:25.391, 133.50 W, 99 %, 9727 MiB
2025/11/27 17:00:25.547, 133.50 W, 99 %, 9727 MiB
2025/11/27 17:00:25.716, 133.50 W, 99 %, 9727 MiB
2025/11/27 17:00:25.885, 134.21 W, 99 %, 9727 MiB
2025/11/27 17:00:26.055, 134.21 W, 99 %, 9727 MiB
2025/11/27 17:00:26.210, 134.21 W, 99 %, 9727 MiB
2025/11/27 17:00:26.379, 134.79 W, 100 %, 9727 MiB
2025/11/27 17:00:26.548, 134.79 W, 100 %, 9727 MiB
2025/11/27 17:00:26.718, 134.79 W, 100 %, 9727 MiB
2025/11/27 17:00:26.886, 135.08 W, 100 %, 9727 MiB
2025/11/27 17:00:27.055, 135.08 W, 100 %, 9727 MiB
2025/11/27 17:00:27.224, 135.08 W, 100 %, 9727 MiB
2025/11/27 17:00:27.394, 134.16 W, 100 %, 9727 MiB
2025/11/27 17:00:27.564, 134.16 W, 100 %, 9727 MiB
2025/11/27 17:00:27.732, 134.16 W, 100 %, 9727 MiB
2025/11/27 17:00:27.900, 133.24 W, 100 %, 9727 MiB
2025/11/27 17:00:28.070, 133.24 W, 100 %, 9727 MiB
2025/11/27 17:00:28.239, 133.24 W, 100 %, 9727 MiB
2025/11/27 17:00:28.409, 133.15 W, 100 %, 9727 MiB
2025/11/27 17:00:28.580, 133.15 W, 100 %, 9727 MiB
2025/11/27 17:00:28.750, 133.15 W, 100 %, 9727 MiB
2025/11/27 17:00:28.935, 133.04 W, 100 %, 9727 MiB
2025/11/27 17:00:29.103, 133.04 W, 100 %, 9727 MiB
2025/11/27 17:00:29.271, 133.04 W, 100 %, 9727 MiB
2025/11/27 17:00:29.440, 133.32 W, 100 %, 9727 MiB
2025/11/27 17:00:29.609, 133.32 W, 100 %, 9727 MiB
2025/11/27 17:00:29.778, 132.75 W, 100 %, 9727 MiB
2025/11/27 17:00:29.946, 132.75 W, 100 %, 9727 MiB
2025/11/27 17:00:30.114, 132.75 W, 100 %, 9727 MiB
2025/11/27 17:00:30.284, 132.89 W, 100 %, 9727 MiB
2025/11/27 17:00:30.453, 132.89 W, 100 %, 9727 MiB
2025/11/27 17:00:30.624, 132.89 W, 100 %, 9727 MiB
2025/11/27 17:00:30.793, 132.91 W, 100 %, 9727 MiB
2025/11/27 17:00:30.963, 132.91 W, 100 %, 9727 MiB
2025/11/27 17:00:31.132, 132.91 W, 100 %, 9727 MiB
2025/11/27 17:00:31.302, 133.03 W, 100 %, 9727 MiB
2025/11/27 17:00:31.471, 133.03 W, 100 %, 9727 MiB
2025/11/27 17:00:31.639, 133.03 W, 100 %, 9727 MiB
2025/11/27 17:00:31.808, 133.13 W, 100 %, 9727 MiB
2025/11/27 17:00:31.978, 133.13 W, 100 %, 9727 MiB
2025/11/27 17:00:32.149, 133.13 W, 100 %, 9727 MiB
2025/11/27 17:00:32.318, 131.34 W, 100 %, 9727 MiB
2025/11/27 17:00:32.486, 131.34 W, 100 %, 9727 MiB
2025/11/27 17:00:32.669, 131.34 W, 100 %, 9727 MiB
2025/11/27 17:00:32.839, 131.31 W, 100 %, 9727 MiB
2025/11/27 17:00:33.008, 131.31 W, 100 %, 9727 MiB
2025/11/27 17:00:33.178, 131.31 W, 100 %, 9727 MiB
2025/11/27 17:00:33.347, 132.80 W, 99 %, 9727 MiB
2025/11/27 17:00:33.517, 132.80 W, 99 %, 9727 MiB
2025/11/27 17:00:33.686, 132.80 W, 99 %, 9727 MiB
2025/11/27 17:00:33.840, 133.18 W, 99 %, 9727 MiB
2025/11/27 17:00:33.994, 133.18 W, 99 %, 9727 MiB
2025/11/27 17:00:34.162, 133.18 W, 99 %, 9727 MiB
2025/11/27 17:00:34.332, 133.60 W, 100 %, 9727 MiB
2025/11/27 17:00:34.486, 133.60 W, 100 %, 9727 MiB
2025/11/27 17:00:34.655, 133.60 W, 100 %, 9727 MiB
2025/11/27 17:00:34.824, 133.78 W, 100 %, 9727 MiB
2025/11/27 17:00:34.977, 133.78 W, 100 %, 9727 MiB
2025/11/27 17:00:35.146, 133.78 W, 100 %, 9727 MiB
2025/11/27 17:00:35.301, 133.91 W, 100 %, 9727 MiB
2025/11/27 17:00:35.470, 133.91 W, 100 %, 9727 MiB
2025/11/27 17:00:35.639, 133.91 W, 100 %, 9727 MiB
2025/11/27 17:00:35.806, 133.88 W, 100 %, 9727 MiB
2025/11/27 17:00:35.975, 133.88 W, 100 %, 9727 MiB
2025/11/27 17:00:36.143, 133.88 W, 100 %, 9727 MiB
2025/11/27 17:00:36.312, 132.19 W, 99 %, 9727 MiB
2025/11/27 17:00:36.497, 132.19 W, 99 %, 9727 MiB
2025/11/27 17:00:36.666, 132.19 W, 99 %, 9727 MiB
2025/11/27 17:00:36.837, 131.98 W, 99 %, 9727 MiB
2025/11/27 17:00:37.005, 131.98 W, 99 %, 9727 MiB
2025/11/27 17:00:37.175, 131.98 W, 99 %, 9727 MiB
2025/11/27 17:00:37.345, 132.34 W, 99 %, 9727 MiB
2025/11/27 17:00:37.514, 132.34 W, 99 %, 9727 MiB
2025/11/27 17:00:37.683, 132.34 W, 99 %, 9727 MiB
2025/11/27 17:00:37.854, 132.89 W, 99 %, 9727 MiB
2025/11/27 17:00:38.023, 132.89 W, 99 %, 9727 MiB
2025/11/27 17:00:38.210, 132.89 W, 99 %, 9727 MiB
2025/11/27 17:00:38.393, 132.73 W, 98 %, 9727 MiB
2025/11/27 17:00:38.562, 132.73 W, 98 %, 9727 MiB
2025/11/27 17:00:38.731, 132.73 W, 98 %, 9727 MiB
2025/11/27 17:00:38.886, 132.32 W, 98 %, 9727 MiB
2025/11/27 17:00:39.054, 132.32 W, 98 %, 9727 MiB
2025/11/27 17:00:39.224, 132.32 W, 98 %, 9727 MiB
2025/11/27 17:00:39.394, 132.83 W, 100 %, 9727 MiB
2025/11/27 17:00:39.562, 132.83 W, 100 %, 9727 MiB
2025/11/27 17:00:39.716, 132.83 W, 100 %, 9727 MiB
2025/11/27 17:00:39.885, 134.44 W, 100 %, 9727 MiB
2025/11/27 17:00:40.054, 134.44 W, 100 %, 9727 MiB
2025/11/27 17:00:40.223, 134.44 W, 100 %, 9727 MiB
2025/11/27 17:00:40.392, 134.23 W, 100 %, 9727 MiB
2025/11/27 17:00:40.560, 134.23 W, 100 %, 9727 MiB
2025/11/27 17:00:40.729, 134.23 W, 100 %, 9727 MiB
2025/11/27 17:00:40.898, 133.11 W, 100 %, 9727 MiB
2025/11/27 17:00:41.067, 133.11 W, 100 %, 9727 MiB
2025/11/27 17:00:41.237, 133.11 W, 100 %, 9727 MiB
2025/11/27 17:00:41.405, 132.88 W, 100 %, 9727 MiB
2025/11/27 17:00:41.573, 132.88 W, 100 %, 9727 MiB
2025/11/27 17:00:41.743, 132.88 W, 100 %, 9727 MiB
2025/11/27 17:00:41.911, 132.92 W, 100 %, 9727 MiB
2025/11/27 17:00:42.081, 132.92 W, 100 %, 9727 MiB
2025/11/27 17:00:42.251, 132.92 W, 100 %, 9727 MiB
2025/11/27 17:00:42.421, 133.40 W, 100 %, 9727 MiB
2025/11/27 17:00:42.574, 133.40 W, 100 %, 9727 MiB
2025/11/27 17:00:42.742, 133.40 W, 100 %, 9727 MiB
2025/11/27 17:00:42.911, 134.55 W, 100 %, 9727 MiB
2025/11/27 17:00:43.080, 134.55 W, 100 %, 9727 MiB
2025/11/27 17:00:43.249, 134.55 W, 100 %, 9727 MiB
2025/11/27 17:00:43.419, 132.70 W, 98 %, 9727 MiB
2025/11/27 17:00:43.573, 132.70 W, 98 %, 9727 MiB
2025/11/27 17:00:43.742, 132.70 W, 98 %, 9727 MiB
2025/11/27 17:00:43.911, 131.97 W, 98 %, 9727 MiB
2025/11/27 17:00:44.080, 131.97 W, 98 %, 9727 MiB
2025/11/27 17:00:44.266, 131.97 W, 98 %, 9727 MiB
2025/11/27 17:00:44.435, 133.05 W, 99 %, 9727 MiB
2025/11/27 17:00:44.604, 133.05 W, 99 %, 9727 MiB
2025/11/27 17:00:44.759, 133.05 W, 99 %, 9727 MiB
2025/11/27 17:00:44.928, 134.11 W, 99 %, 9727 MiB
2025/11/27 17:00:45.099, 134.11 W, 99 %, 9727 MiB
2025/11/27 17:00:45.268, 134.11 W, 99 %, 9727 MiB
2025/11/27 17:00:45.437, 134.97 W, 100 %, 9727 MiB
2025/11/27 17:00:45.605, 134.97 W, 100 %, 9727 MiB
2025/11/27 17:00:45.773, 134.97 W, 100 %, 9727 MiB
2025/11/27 17:00:45.927, 135.30 W, 100 %, 9727 MiB
2025/11/27 17:00:46.097, 135.30 W, 100 %, 9727 MiB
2025/11/27 17:00:46.282, 134.57 W, 99 %, 9727 MiB
2025/11/27 17:00:46.467, 134.57 W, 99 %, 9727 MiB
2025/11/27 17:00:46.637, 134.57 W, 99 %, 9727 MiB
2025/11/27 17:00:46.806, 134.19 W, 99 %, 9727 MiB
2025/11/27 17:00:46.977, 134.19 W, 99 %, 9727 MiB
2025/11/27 17:00:47.147, 134.19 W, 99 %, 9727 MiB
2025/11/27 17:00:47.316, 133.71 W, 99 %, 9727 MiB
2025/11/27 17:00:47.486, 133.71 W, 99 %, 9727 MiB
2025/11/27 17:00:47.657, 133.71 W, 99 %, 9727 MiB
2025/11/27 17:00:47.826, 133.12 W, 99 %, 9727 MiB
2025/11/27 17:00:47.994, 133.12 W, 99 %, 9727 MiB
2025/11/27 17:00:48.165, 133.12 W, 99 %, 9727 MiB
2025/11/27 17:00:48.335, 132.40 W, 100 %, 9727 MiB
2025/11/27 17:00:48.504, 132.40 W, 100 %, 9727 MiB
2025/11/27 17:00:48.674, 132.40 W, 100 %, 9727 MiB
2025/11/27 17:00:48.845, 133.57 W, 100 %, 9727 MiB
2025/11/27 17:00:49.014, 133.57 W, 100 %, 9727 MiB
2025/11/27 17:00:49.181, 133.57 W, 100 %, 9727 MiB
2025/11/27 17:00:49.349, 133.88 W, 100 %, 9727 MiB
2025/11/27 17:00:49.518, 133.88 W, 100 %, 9727 MiB
2025/11/27 17:00:49.689, 133.88 W, 100 %, 9727 MiB
2025/11/27 17:00:49.859, 132.63 W, 100 %, 9727 MiB
2025/11/27 17:00:50.030, 132.63 W, 100 %, 9727 MiB
2025/11/27 17:00:50.200, 132.63 W, 100 %, 9727 MiB
2025/11/27 17:00:50.370, 132.95 W, 100 %, 9727 MiB
2025/11/27 17:00:50.538, 132.95 W, 100 %, 9727 MiB
2025/11/27 17:00:50.723, 132.95 W, 100 %, 9727 MiB
2025/11/27 17:00:50.892, 133.00 W, 100 %, 9727 MiB
2025/11/27 17:00:51.063, 133.00 W, 100 %, 9727 MiB
2025/11/27 17:00:51.232, 133.00 W, 100 %, 9727 MiB
2025/11/27 17:00:51.401, 132.95 W, 100 %, 9727 MiB
2025/11/27 17:00:51.572, 132.95 W, 100 %, 9727 MiB
2025/11/27 17:00:51.740, 132.95 W, 100 %, 9727 MiB
2025/11/27 17:00:51.909, 134.20 W, 100 %, 9727 MiB
2025/11/27 17:00:52.081, 134.20 W, 100 %, 9727 MiB
2025/11/27 17:00:52.253, 134.20 W, 100 %, 9727 MiB
2025/11/27 17:00:52.422, 114.72 W, 48 %, 9727 MiB
2025/11/27 17:00:52.591, 114.72 W, 48 %, 9727 MiB
2025/11/27 17:00:52.760, 114.72 W, 48 %, 9727 MiB
2025/11/27 17:00:52.928, 114.02 W, 48 %, 9727 MiB
2025/11/27 17:00:53.083, 114.02 W, 48 %, 9727 MiB
2025/11/27 17:00:53.252, 114.02 W, 48 %, 9727 MiB
2025/11/27 17:00:53.421, 128.89 W, 100 %, 9727 MiB
2025/11/27 17:00:53.589, 128.89 W, 100 %, 9727 MiB
2025/11/27 17:00:53.758, 128.89 W, 100 %, 9727 MiB
2025/11/27 17:00:53.928, 133.12 W, 100 %, 9727 MiB
2025/11/27 17:00:54.097, 133.12 W, 100 %, 9727 MiB
2025/11/27 17:00:54.265, 133.12 W, 100 %, 9727 MiB
2025/11/27 17:00:54.434, 133.40 W, 100 %, 9727 MiB
2025/11/27 17:00:54.604, 133.40 W, 100 %, 9727 MiB
2025/11/27 17:00:54.757, 133.40 W, 100 %, 9727 MiB
2025/11/27 17:00:54.926, 134.21 W, 100 %, 9727 MiB
2025/11/27 17:00:55.096, 134.21 W, 100 %, 9727 MiB
2025/11/27 17:00:55.265, 134.21 W, 100 %, 9727 MiB
2025/11/27 17:00:55.435, 135.18 W, 100 %, 9727 MiB
2025/11/27 17:00:55.604, 135.18 W, 100 %, 9727 MiB
2025/11/27 17:00:55.773, 135.18 W, 100 %, 9727 MiB
2025/11/27 17:00:55.942, 135.29 W, 100 %, 9727 MiB
2025/11/27 17:00:56.110, 135.29 W, 100 %, 9727 MiB
2025/11/27 17:00:56.265, 135.29 W, 100 %, 9727 MiB
2025/11/27 17:00:56.434, 135.26 W, 100 %, 9727 MiB
2025/11/27 17:00:56.603, 135.26 W, 100 %, 9727 MiB
2025/11/27 17:00:56.772, 135.26 W, 100 %, 9727 MiB
2025/11/27 17:00:56.941, 135.09 W, 100 %, 9727 MiB
2025/11/27 17:00:57.109, 135.09 W, 100 %, 9727 MiB
2025/11/27 17:00:57.279, 134.93 W, 100 %, 9727 MiB
2025/11/27 17:00:57.449, 134.93 W, 100 %, 9727 MiB
2025/11/27 17:00:57.618, 134.93 W, 100 %, 9727 MiB
2025/11/27 17:00:57.786, 134.30 W, 100 %, 9727 MiB
2025/11/27 17:00:57.957, 134.30 W, 100 %, 9727 MiB
2025/11/27 17:00:58.128, 134.30 W, 100 %, 9727 MiB
2025/11/27 17:00:58.296, 134.28 W, 100 %, 9727 MiB
2025/11/27 17:00:58.464, 134.28 W, 100 %, 9727 MiB
2025/11/27 17:00:58.632, 134.28 W, 100 %, 9727 MiB
2025/11/27 17:00:58.801, 134.00 W, 100 %, 9727 MiB
2025/11/27 17:00:58.969, 134.00 W, 100 %, 9727 MiB
2025/11/27 17:00:59.139, 134.00 W, 100 %, 9727 MiB
2025/11/27 17:00:59.307, 133.98 W, 100 %, 9727 MiB
2025/11/27 17:00:59.477, 133.98 W, 100 %, 9727 MiB
2025/11/27 17:00:59.646, 133.98 W, 100 %, 9727 MiB
2025/11/27 17:00:59.815, 134.53 W, 100 %, 9727 MiB
2025/11/27 17:00:59.984, 134.53 W, 100 %, 9727 MiB
2025/11/27 17:01:00.153, 134.53 W, 100 %, 9727 MiB
2025/11/27 17:01:00.322, 134.38 W, 100 %, 9727 MiB
2025/11/27 17:01:00.490, 134.38 W, 100 %, 9727 MiB
2025/11/27 17:01:00.660, 134.38 W, 100 %, 9727 MiB
2025/11/27 17:01:00.829, 134.48 W, 100 %, 9727 MiB
2025/11/27 17:01:01.013, 134.48 W, 100 %, 9727 MiB
2025/11/27 17:01:01.184, 134.48 W, 100 %, 9727 MiB
2025/11/27 17:01:01.353, 134.66 W, 100 %, 9727 MiB
2025/11/27 17:01:01.523, 134.66 W, 100 %, 9727 MiB
2025/11/27 17:01:01.692, 134.66 W, 100 %, 9727 MiB
2025/11/27 17:01:01.860, 134.69 W, 100 %, 9727 MiB
2025/11/27 17:01:02.029, 134.69 W, 100 %, 9727 MiB
2025/11/27 17:01:02.198, 134.69 W, 100 %, 9727 MiB
2025/11/27 17:01:02.366, 134.97 W, 100 %, 9727 MiB
2025/11/27 17:01:02.535, 134.97 W, 100 %, 9727 MiB
2025/11/27 17:01:02.721, 134.97 W, 100 %, 9727 MiB
2025/11/27 17:01:02.891, 134.37 W, 100 %, 9727 MiB
2025/11/27 17:01:03.059, 134.37 W, 100 %, 9727 MiB
2025/11/27 17:01:03.243, 134.37 W, 100 %, 9727 MiB
2025/11/27 17:01:03.414, 134.00 W, 100 %, 9727 MiB
2025/11/27 17:01:03.583, 134.00 W, 100 %, 9727 MiB
2025/11/27 17:01:03.752, 134.00 W, 100 %, 9727 MiB
2025/11/27 17:01:03.921, 133.91 W, 100 %, 9727 MiB
2025/11/27 17:01:04.090, 133.91 W, 100 %, 9727 MiB
2025/11/27 17:01:04.259, 133.91 W, 100 %, 9727 MiB
2025/11/27 17:01:04.444, 134.07 W, 100 %, 9727 MiB
2025/11/27 17:01:04.613, 134.07 W, 100 %, 9727 MiB
2025/11/27 17:01:04.783, 134.32 W, 100 %, 9727 MiB
2025/11/27 17:01:04.951, 134.32 W, 100 %, 9727 MiB
2025/11/27 17:01:05.121, 134.32 W, 100 %, 9727 MiB
2025/11/27 17:01:05.288, 134.00 W, 100 %, 9727 MiB
2025/11/27 17:01:05.457, 134.00 W, 100 %, 9727 MiB
2025/11/27 17:01:05.626, 134.00 W, 100 %, 9727 MiB
2025/11/27 17:01:05.796, 133.78 W, 100 %, 9727 MiB
2025/11/27 17:01:05.964, 133.78 W, 100 %, 9727 MiB
2025/11/27 17:01:06.135, 133.78 W, 100 %, 9727 MiB
2025/11/27 17:01:06.303, 134.27 W, 100 %, 9727 MiB
2025/11/27 17:01:06.472, 134.27 W, 100 %, 9727 MiB
2025/11/27 17:01:06.641, 134.27 W, 100 %, 9727 MiB
2025/11/27 17:01:06.811, 134.54 W, 100 %, 9727 MiB
2025/11/27 17:01:06.980, 134.54 W, 100 %, 9727 MiB
2025/11/27 17:01:07.164, 134.54 W, 100 %, 9727 MiB
2025/11/27 17:01:07.333, 134.57 W, 100 %, 9727 MiB
2025/11/27 17:01:07.502, 134.57 W, 100 %, 9727 MiB
2025/11/27 17:01:07.673, 134.57 W, 100 %, 9727 MiB
2025/11/27 17:01:07.841, 134.75 W, 100 %, 9727 MiB
2025/11/27 17:01:08.010, 134.75 W, 100 %, 9727 MiB
2025/11/27 17:01:08.180, 134.75 W, 100 %, 9727 MiB
2025/11/27 17:01:08.349, 134.75 W, 100 %, 9727 MiB
2025/11/27 17:01:08.519, 134.75 W, 100 %, 9727 MiB
2025/11/27 17:01:08.689, 134.75 W, 100 %, 9727 MiB
2025/11/27 17:01:08.858, 134.59 W, 100 %, 9727 MiB
2025/11/27 17:01:09.027, 134.59 W, 100 %, 9727 MiB
2025/11/27 17:01:09.196, 134.59 W, 100 %, 9727 MiB
2025/11/27 17:01:09.366, 134.62 W, 98 %, 9727 MiB
2025/11/27 17:01:09.534, 134.62 W, 98 %, 9727 MiB
2025/11/27 17:01:09.704, 134.62 W, 98 %, 9727 MiB
2025/11/27 17:01:09.873, 134.20 W, 98 %, 9727 MiB
2025/11/27 17:01:10.042, 134.20 W, 98 %, 9727 MiB
2025/11/27 17:01:10.212, 134.20 W, 98 %, 9727 MiB
2025/11/27 17:01:10.367, 134.26 W, 100 %, 9727 MiB
2025/11/27 17:01:10.537, 134.26 W, 100 %, 9727 MiB
2025/11/27 17:01:10.706, 134.26 W, 100 %, 9727 MiB
2025/11/27 17:01:10.874, 134.57 W, 100 %, 9727 MiB
2025/11/27 17:01:11.043, 134.57 W, 100 %, 9727 MiB
2025/11/27 17:01:11.226, 134.57 W, 100 %, 9727 MiB
2025/11/27 17:01:11.396, 134.34 W, 100 %, 9727 MiB
2025/11/27 17:01:11.565, 134.34 W, 100 %, 9727 MiB
2025/11/27 17:01:11.735, 134.34 W, 100 %, 9727 MiB
2025/11/27 17:01:11.904, 134.05 W, 100 %, 9727 MiB
2025/11/27 17:01:12.073, 134.05 W, 100 %, 9727 MiB
2025/11/27 17:01:12.242, 134.05 W, 100 %, 9727 MiB
2025/11/27 17:01:12.412, 134.23 W, 99 %, 9727 MiB
2025/11/27 17:01:12.582, 134.23 W, 99 %, 9727 MiB
2025/11/27 17:01:12.752, 134.23 W, 99 %, 9727 MiB
2025/11/27 17:01:12.921, 134.31 W, 99 %, 9727 MiB
2025/11/27 17:01:13.089, 134.31 W, 99 %, 9727 MiB
2025/11/27 17:01:13.259, 134.31 W, 99 %, 9727 MiB
2025/11/27 17:01:13.443, 134.17 W, 100 %, 9727 MiB
2025/11/27 17:01:13.612, 134.17 W, 100 %, 9727 MiB
2025/11/27 17:01:13.781, 134.61 W, 100 %, 9727 MiB
2025/11/27 17:01:13.949, 134.61 W, 100 %, 9727 MiB
2025/11/27 17:01:14.118, 134.61 W, 100 %, 9727 MiB
2025/11/27 17:01:14.287, 134.29 W, 100 %, 9727 MiB
2025/11/27 17:01:14.456, 134.29 W, 100 %, 9727 MiB
2025/11/27 17:01:14.626, 134.29 W, 100 %, 9727 MiB
2025/11/27 17:01:14.795, 134.58 W, 100 %, 9727 MiB
2025/11/27 17:01:14.963, 134.58 W, 100 %, 9727 MiB
2025/11/27 17:01:15.132, 134.58 W, 100 %, 9727 MiB
2025/11/27 17:01:15.301, 134.50 W, 100 %, 9727 MiB
2025/11/27 17:01:15.471, 134.50 W, 100 %, 9727 MiB
2025/11/27 17:01:15.640, 134.50 W, 100 %, 9727 MiB
2025/11/27 17:01:15.808, 134.27 W, 100 %, 9727 MiB
2025/11/27 17:01:15.977, 134.27 W, 100 %, 9727 MiB
2025/11/27 17:01:16.145, 134.27 W, 100 %, 9727 MiB
2025/11/27 17:01:16.360, 134.27 W, 100 %, 9727 MiB
2025/11/27 17:01:16.531, 134.27 W, 100 %, 9727 MiB
2025/11/27 17:01:16.699, 134.27 W, 100 %, 9727 MiB
2025/11/27 17:01:16.870, 141.18 W, 100 %, 9727 MiB
2025/11/27 17:01:17.040, 141.18 W, 100 %, 9727 MiB
2025/11/27 17:01:17.193, 141.18 W, 100 %, 9727 MiB
2025/11/27 17:01:17.377, 146.82 W, 100 %, 9727 MiB
2025/11/27 17:01:17.547, 146.82 W, 100 %, 9727 MiB
2025/11/27 17:01:17.731, 146.82 W, 100 %, 9727 MiB
2025/11/27 17:01:17.900, 143.94 W, 100 %, 9727 MiB
2025/11/27 17:01:18.068, 143.94 W, 100 %, 9727 MiB
2025/11/27 17:01:18.238, 143.94 W, 100 %, 9727 MiB
2025/11/27 17:01:18.406, 144.94 W, 100 %, 9727 MiB
2025/11/27 17:01:18.575, 144.94 W, 100 %, 9727 MiB
2025/11/27 17:01:18.744, 144.94 W, 100 %, 9727 MiB
2025/11/27 17:01:18.913, 143.64 W, 100 %, 9727 MiB
2025/11/27 17:01:19.083, 143.64 W, 100 %, 9727 MiB
2025/11/27 17:01:19.252, 143.64 W, 100 %, 9727 MiB
2025/11/27 17:01:19.421, 135.91 W, 100 %, 9727 MiB
2025/11/27 17:01:19.591, 135.91 W, 100 %, 9727 MiB
2025/11/27 17:01:19.762, 135.91 W, 100 %, 9727 MiB
2025/11/27 17:01:19.931, 134.21 W, 100 %, 9727 MiB
2025/11/27 17:01:20.099, 134.21 W, 100 %, 9727 MiB
2025/11/27 17:01:20.268, 134.21 W, 100 %, 9727 MiB
2025/11/27 17:01:20.436, 134.33 W, 100 %, 9727 MiB
2025/11/27 17:01:20.604, 134.33 W, 100 %, 9727 MiB
2025/11/27 17:01:20.773, 134.33 W, 100 %, 9727 MiB
2025/11/27 17:01:20.943, 134.93 W, 100 %, 9727 MiB
2025/11/27 17:01:21.112, 134.93 W, 100 %, 9727 MiB
2025/11/27 17:01:21.280, 135.10 W, 100 %, 9727 MiB
2025/11/27 17:01:21.448, 135.10 W, 100 %, 9727 MiB
2025/11/27 17:01:21.619, 135.10 W, 100 %, 9727 MiB
2025/11/27 17:01:21.789, 133.86 W, 100 %, 9727 MiB
2025/11/27 17:01:21.958, 133.86 W, 100 %, 9727 MiB
2025/11/27 17:01:22.127, 133.86 W, 100 %, 9727 MiB
2025/11/27 17:01:22.296, 133.76 W, 100 %, 9727 MiB
2025/11/27 17:01:22.465, 133.76 W, 100 %, 9727 MiB
2025/11/27 17:01:22.634, 133.76 W, 100 %, 9727 MiB
2025/11/27 17:01:22.803, 134.88 W, 100 %, 9727 MiB
2025/11/27 17:01:22.973, 134.88 W, 100 %, 9727 MiB
2025/11/27 17:01:23.143, 134.88 W, 100 %, 9727 MiB
2025/11/27 17:01:23.313, 135.14 W, 99 %, 9727 MiB
2025/11/27 17:01:23.483, 135.14 W, 99 %, 9727 MiB
2025/11/27 17:01:23.653, 135.14 W, 99 %, 9727 MiB
2025/11/27 17:01:23.822, 135.07 W, 99 %, 9727 MiB
2025/11/27 17:01:23.990, 135.07 W, 99 %, 9727 MiB
2025/11/27 17:01:24.160, 135.07 W, 99 %, 9727 MiB
2025/11/27 17:01:24.328, 134.10 W, 97 %, 9727 MiB
2025/11/27 17:01:24.497, 134.10 W, 97 %, 9727 MiB
2025/11/27 17:01:24.667, 134.10 W, 97 %, 9727 MiB
2025/11/27 17:01:24.836, 133.75 W, 97 %, 9727 MiB
2025/11/27 17:01:25.005, 133.75 W, 97 %, 9727 MiB
2025/11/27 17:01:25.172, 133.75 W, 97 %, 9727 MiB
2025/11/27 17:01:25.341, 133.41 W, 99 %, 9727 MiB
2025/11/27 17:01:25.510, 133.41 W, 99 %, 9727 MiB
2025/11/27 17:01:25.679, 133.41 W, 99 %, 9727 MiB
2025/11/27 17:01:25.850, 134.41 W, 99 %, 9727 MiB
2025/11/27 17:01:26.017, 134.41 W, 99 %, 9727 MiB
2025/11/27 17:01:26.187, 134.41 W, 99 %, 9727 MiB
2025/11/27 17:01:26.355, 134.74 W, 100 %, 9727 MiB
2025/11/27 17:01:26.524, 134.74 W, 100 %, 9727 MiB
2025/11/27 17:01:26.694, 134.74 W, 100 %, 9727 MiB
2025/11/27 17:01:26.863, 134.19 W, 100 %, 9727 MiB
2025/11/27 17:01:27.032, 134.19 W, 100 %, 9727 MiB
2025/11/27 17:01:27.201, 134.19 W, 100 %, 9727 MiB
2025/11/27 17:01:27.370, 134.06 W, 100 %, 9727 MiB
2025/11/27 17:01:27.540, 134.06 W, 100 %, 9727 MiB
2025/11/27 17:01:27.708, 134.06 W, 100 %, 9727 MiB
2025/11/27 17:01:27.877, 133.45 W, 100 %, 9727 MiB
2025/11/27 17:01:28.046, 133.45 W, 100 %, 9727 MiB
2025/11/27 17:01:28.217, 133.45 W, 100 %, 9727 MiB
2025/11/27 17:01:28.386, 134.07 W, 100 %, 9727 MiB
2025/11/27 17:01:28.554, 134.07 W, 100 %, 9727 MiB
2025/11/27 17:01:28.723, 134.07 W, 100 %, 9727 MiB
2025/11/27 17:01:28.891, 134.57 W, 100 %, 9727 MiB
2025/11/27 17:01:29.062, 134.57 W, 100 %, 9727 MiB
2025/11/27 17:01:29.232, 134.57 W, 100 %, 9727 MiB
2025/11/27 17:01:29.402, 134.65 W, 100 %, 9727 MiB
2025/11/27 17:01:29.570, 134.65 W, 100 %, 9727 MiB
2025/11/27 17:01:29.754, 134.65 W, 100 %, 9727 MiB
2025/11/27 17:01:29.923, 134.50 W, 100 %, 9727 MiB
2025/11/27 17:01:30.091, 134.50 W, 100 %, 9727 MiB
2025/11/27 17:01:30.258, 134.50 W, 100 %, 9727 MiB
2025/11/27 17:01:30.427, 134.44 W, 100 %, 9727 MiB
2025/11/27 17:01:30.598, 134.44 W, 100 %, 9727 MiB
2025/11/27 17:01:30.766, 134.44 W, 100 %, 9727 MiB
2025/11/27 17:01:30.935, 134.51 W, 100 %, 9727 MiB
2025/11/27 17:01:31.105, 134.51 W, 100 %, 9727 MiB
2025/11/27 17:01:31.273, 134.51 W, 100 %, 9727 MiB
2025/11/27 17:01:31.457, 134.92 W, 99 %, 9727 MiB
2025/11/27 17:01:31.627, 134.92 W, 99 %, 9727 MiB
2025/11/27 17:01:31.811, 134.90 W, 99 %, 9727 MiB
2025/11/27 17:01:31.980, 134.90 W, 99 %, 9727 MiB
2025/11/27 17:01:32.150, 134.90 W, 99 %, 9727 MiB
2025/11/27 17:01:32.319, 134.21 W, 100 %, 9727 MiB
2025/11/27 17:01:32.474, 134.21 W, 100 %, 9727 MiB
2025/11/27 17:01:32.644, 134.21 W, 100 %, 9727 MiB
2025/11/27 17:01:32.829, 134.25 W, 100 %, 9727 MiB
2025/11/27 17:01:32.997, 134.25 W, 100 %, 9727 MiB
2025/11/27 17:01:33.167, 134.25 W, 100 %, 9727 MiB
2025/11/27 17:01:33.335, 134.23 W, 99 %, 9727 MiB
2025/11/27 17:01:33.506, 134.23 W, 99 %, 9727 MiB
2025/11/27 17:01:33.675, 134.23 W, 99 %, 9727 MiB
2025/11/27 17:01:33.843, 134.35 W, 99 %, 9727 MiB
2025/11/27 17:01:34.029, 134.35 W, 99 %, 9727 MiB
2025/11/27 17:01:34.198, 134.35 W, 99 %, 9727 MiB
2025/11/27 17:01:34.368, 134.85 W, 100 %, 9727 MiB
2025/11/27 17:01:34.523, 134.85 W, 100 %, 9727 MiB
2025/11/27 17:01:34.691, 134.85 W, 100 %, 9727 MiB
2025/11/27 17:01:34.859, 134.93 W, 100 %, 9727 MiB
2025/11/27 17:01:35.043, 134.93 W, 100 %, 9727 MiB
2025/11/27 17:01:35.213, 134.93 W, 100 %, 9727 MiB
2025/11/27 17:01:35.383, 135.11 W, 100 %, 9727 MiB
2025/11/27 17:01:35.552, 135.11 W, 100 %, 9727 MiB
2025/11/27 17:01:35.736, 135.11 W, 100 %, 9727 MiB
2025/11/27 17:01:35.905, 134.08 W, 100 %, 9727 MiB
2025/11/27 17:01:36.073, 134.08 W, 100 %, 9727 MiB
2025/11/27 17:01:36.241, 134.08 W, 100 %, 9727 MiB
2025/11/27 17:01:36.425, 133.63 W, 100 %, 9727 MiB
2025/11/27 17:01:36.596, 133.63 W, 100 %, 9727 MiB
2025/11/27 17:01:36.765, 133.63 W, 100 %, 9727 MiB
2025/11/27 17:01:36.934, 133.90 W, 100 %, 9727 MiB
2025/11/27 17:01:37.103, 133.90 W, 100 %, 9727 MiB
2025/11/27 17:01:37.273, 133.90 W, 100 %, 9727 MiB
2025/11/27 17:01:37.457, 134.62 W, 99 %, 9727 MiB
2025/11/27 17:01:37.628, 134.62 W, 99 %, 9727 MiB
2025/11/27 17:01:37.798, 134.01 W, 99 %, 9727 MiB
2025/11/27 17:01:37.967, 134.01 W, 99 %, 9727 MiB
2025/11/27 17:01:38.151, 134.01 W, 99 %, 9727 MiB
2025/11/27 17:01:38.321, 134.20 W, 100 %, 9727 MiB
2025/11/27 17:01:38.491, 134.20 W, 100 %, 9727 MiB
2025/11/27 17:01:38.659, 134.20 W, 100 %, 9727 MiB
2025/11/27 17:01:38.828, 134.30 W, 100 %, 9727 MiB
2025/11/27 17:01:38.998, 134.30 W, 100 %, 9727 MiB
2025/11/27 17:01:39.166, 134.30 W, 100 %, 9727 MiB
2025/11/27 17:01:39.350, 133.95 W, 98 %, 9727 MiB
2025/11/27 17:01:39.519, 133.95 W, 98 %, 9727 MiB
2025/11/27 17:01:39.687, 133.95 W, 98 %, 9727 MiB
2025/11/27 17:01:39.856, 134.10 W, 98 %, 9727 MiB
2025/11/27 17:01:40.024, 134.10 W, 98 %, 9727 MiB
2025/11/27 17:01:40.193, 134.10 W, 98 %, 9727 MiB
2025/11/27 17:01:40.362, 134.36 W, 100 %, 9727 MiB
2025/11/27 17:01:40.532, 134.36 W, 100 %, 9727 MiB
2025/11/27 17:01:40.701, 134.36 W, 100 %, 9727 MiB
2025/11/27 17:01:40.886, 134.53 W, 100 %, 9727 MiB
2025/11/27 17:01:41.056, 134.53 W, 100 %, 9727 MiB
2025/11/27 17:01:41.225, 134.53 W, 100 %, 9727 MiB
2025/11/27 17:01:41.395, 134.52 W, 99 %, 9727 MiB
2025/11/27 17:01:41.565, 134.52 W, 99 %, 9727 MiB
2025/11/27 17:01:41.747, 134.52 W, 99 %, 9727 MiB
2025/11/27 17:01:41.916, 134.17 W, 99 %, 9727 MiB
2025/11/27 17:01:42.101, 134.17 W, 99 %, 9727 MiB
2025/11/27 17:01:42.255, 134.17 W, 99 %, 9727 MiB
2025/11/27 17:01:42.424, 134.15 W, 97 %, 9727 MiB
2025/11/27 17:01:42.594, 134.15 W, 97 %, 9727 MiB
2025/11/27 17:01:42.764, 134.15 W, 97 %, 9727 MiB
2025/11/27 17:01:42.948, 134.44 W, 97 %, 9727 MiB
2025/11/27 17:01:43.118, 134.44 W, 97 %, 9727 MiB
2025/11/27 17:01:43.286, 134.41 W, 99 %, 9727 MiB
2025/11/27 17:01:43.455, 134.41 W, 99 %, 9727 MiB
2025/11/27 17:01:43.625, 134.41 W, 99 %, 9727 MiB
2025/11/27 17:01:43.796, 134.72 W, 99 %, 9727 MiB
2025/11/27 17:01:43.964, 134.72 W, 99 %, 9727 MiB
2025/11/27 17:01:44.134, 134.72 W, 99 %, 9727 MiB
2025/11/27 17:01:44.303, 135.26 W, 100 %, 9727 MiB
2025/11/27 17:01:44.474, 135.26 W, 100 %, 9727 MiB
2025/11/27 17:01:44.644, 135.26 W, 100 %, 9727 MiB
2025/11/27 17:01:44.828, 135.16 W, 100 %, 9727 MiB
2025/11/27 17:01:44.996, 135.16 W, 100 %, 9727 MiB
2025/11/27 17:01:45.165, 135.16 W, 100 %, 9727 MiB
2025/11/27 17:01:45.335, 138.44 W, 80 %, 9727 MiB
2025/11/27 17:01:45.505, 138.44 W, 80 %, 9727 MiB
2025/11/27 17:01:45.676, 138.44 W, 80 %, 9727 MiB
2025/11/27 17:01:45.892, 126.85 W, 80 %, 9727 MiB
2025/11/27 17:01:46.061, 126.85 W, 80 %, 9727 MiB
2025/11/27 17:01:46.246, 126.85 W, 80 %, 9727 MiB
2025/11/27 17:01:46.415, 115.10 W, 100 %, 9727 MiB
2025/11/27 17:01:46.585, 115.10 W, 100 %, 9727 MiB
2025/11/27 17:01:46.754, 115.10 W, 100 %, 9727 MiB
2025/11/27 17:01:46.922, 117.28 W, 100 %, 9727 MiB
2025/11/27 17:01:47.091, 117.28 W, 100 %, 9727 MiB
2025/11/27 17:01:47.260, 117.28 W, 100 %, 9727 MiB
2025/11/27 17:01:47.430, 133.74 W, 100 %, 9727 MiB
2025/11/27 17:01:47.599, 133.74 W, 100 %, 9727 MiB
2025/11/27 17:01:47.768, 133.74 W, 100 %, 9727 MiB
2025/11/27 17:01:47.938, 133.56 W, 100 %, 9727 MiB
2025/11/27 17:01:48.106, 133.56 W, 100 %, 9727 MiB
2025/11/27 17:01:48.275, 133.56 W, 100 %, 9727 MiB
2025/11/27 17:01:48.458, 133.63 W, 100 %, 9727 MiB
2025/11/27 17:01:48.627, 133.63 W, 100 %, 9727 MiB
2025/11/27 17:01:48.796, 134.41 W, 100 %, 9727 MiB
2025/11/27 17:01:48.964, 134.41 W, 100 %, 9727 MiB
2025/11/27 17:01:49.133, 134.41 W, 100 %, 9727 MiB
2025/11/27 17:01:49.303, 134.47 W, 99 %, 9727 MiB
2025/11/27 17:01:49.473, 134.47 W, 99 %, 9727 MiB
2025/11/27 17:01:49.642, 134.47 W, 99 %, 9727 MiB
2025/11/27 17:01:49.810, 134.41 W, 99 %, 9727 MiB
2025/11/27 17:01:49.979, 134.41 W, 99 %, 9727 MiB
2025/11/27 17:01:50.147, 134.41 W, 99 %, 9727 MiB
2025/11/27 17:01:50.316, 134.36 W, 100 %, 9727 MiB
2025/11/27 17:01:50.486, 134.36 W, 100 %, 9727 MiB
2025/11/27 17:01:50.655, 134.36 W, 100 %, 9727 MiB
2025/11/27 17:01:50.825, 133.97 W, 100 %, 9727 MiB
2025/11/27 17:01:50.980, 133.97 W, 100 %, 9727 MiB
2025/11/27 17:01:51.149, 133.97 W, 100 %, 9727 MiB
2025/11/27 17:01:51.319, 133.73 W, 100 %, 9727 MiB
2025/11/27 17:01:51.487, 133.73 W, 100 %, 9727 MiB
2025/11/27 17:01:51.655, 133.73 W, 100 %, 9727 MiB
2025/11/27 17:01:51.824, 134.26 W, 100 %, 9727 MiB
2025/11/27 17:01:51.992, 134.26 W, 100 %, 9727 MiB
2025/11/27 17:01:52.163, 134.26 W, 100 %, 9727 MiB
2025/11/27 17:01:52.331, 134.97 W, 100 %, 9727 MiB
2025/11/27 17:01:52.500, 134.97 W, 100 %, 9727 MiB
2025/11/27 17:01:52.669, 134.97 W, 100 %, 9727 MiB
2025/11/27 17:01:52.839, 134.91 W, 100 %, 9727 MiB
2025/11/27 17:01:53.007, 134.91 W, 100 %, 9727 MiB
2025/11/27 17:01:53.177, 134.91 W, 100 %, 9727 MiB
2025/11/27 17:01:53.346, 134.66 W, 100 %, 9727 MiB
2025/11/27 17:01:53.516, 134.66 W, 100 %, 9727 MiB
2025/11/27 17:01:53.685, 134.66 W, 100 %, 9727 MiB
2025/11/27 17:01:53.853, 134.50 W, 100 %, 9727 MiB
2025/11/27 17:01:54.022, 134.50 W, 100 %, 9727 MiB
2025/11/27 17:01:54.221, 134.50 W, 100 %, 9727 MiB
2025/11/27 17:01:54.406, 134.58 W, 100 %, 9727 MiB
2025/11/27 17:01:54.575, 134.58 W, 100 %, 9727 MiB
2025/11/27 17:01:54.744, 134.58 W, 100 %, 9727 MiB
2025/11/27 17:01:54.898, 134.54 W, 100 %, 9727 MiB
2025/11/27 17:01:55.066, 134.54 W, 100 %, 9727 MiB
2025/11/27 17:01:55.234, 134.54 W, 100 %, 9727 MiB
2025/11/27 17:01:55.420, 134.26 W, 99 %, 9727 MiB
2025/11/27 17:01:55.588, 134.26 W, 99 %, 9727 MiB
2025/11/27 17:01:55.757, 134.26 W, 99 %, 9727 MiB
2025/11/27 17:01:55.928, 133.95 W, 99 %, 9727 MiB
2025/11/27 17:01:56.097, 133.95 W, 99 %, 9727 MiB
2025/11/27 17:01:56.267, 133.95 W, 99 %, 9727 MiB
2025/11/27 17:01:56.437, 134.04 W, 100 %, 9727 MiB
2025/11/27 17:01:56.606, 134.04 W, 100 %, 9727 MiB
2025/11/27 17:01:56.775, 134.04 W, 100 %, 9727 MiB
2025/11/27 17:01:56.943, 133.98 W, 100 %, 9727 MiB
2025/11/27 17:01:57.112, 133.98 W, 100 %, 9727 MiB
2025/11/27 17:01:57.282, 134.00 W, 100 %, 9727 MiB
2025/11/27 17:01:57.451, 134.00 W, 100 %, 9727 MiB
2025/11/27 17:01:57.635, 134.00 W, 100 %, 9727 MiB
2025/11/27 17:01:57.819, 134.43 W, 100 %, 9727 MiB
2025/11/27 17:01:57.989, 134.43 W, 100 %, 9727 MiB
2025/11/27 17:01:58.159, 134.43 W, 100 %, 9727 MiB
2025/11/27 17:01:58.313, 134.48 W, 100 %, 9727 MiB
2025/11/27 17:01:58.482, 134.48 W, 100 %, 9727 MiB
2025/11/27 17:01:58.650, 134.48 W, 100 %, 9727 MiB
2025/11/27 17:01:58.818, 135.18 W, 100 %, 9727 MiB
2025/11/27 17:01:58.987, 135.18 W, 100 %, 9727 MiB
2025/11/27 17:01:59.155, 135.18 W, 100 %, 9727 MiB
2025/11/27 17:01:59.324, 135.01 W, 100 %, 9727 MiB
2025/11/27 17:01:59.492, 135.01 W, 100 %, 9727 MiB
2025/11/27 17:01:59.662, 135.01 W, 100 %, 9727 MiB
2025/11/27 17:01:59.816, 134.85 W, 100 %, 9727 MiB
2025/11/27 17:01:59.985, 134.85 W, 100 %, 9727 MiB
2025/11/27 17:02:00.169, 134.85 W, 100 %, 9727 MiB
2025/11/27 17:02:00.338, 134.87 W, 100 %, 9727 MiB
2025/11/27 17:02:00.507, 134.87 W, 100 %, 9727 MiB
2025/11/27 17:02:00.676, 134.87 W, 100 %, 9727 MiB
2025/11/27 17:02:00.845, 134.63 W, 100 %, 9727 MiB
2025/11/27 17:02:01.014, 134.63 W, 100 %, 9727 MiB
2025/11/27 17:02:01.181, 134.63 W, 100 %, 9727 MiB
2025/11/27 17:02:01.349, 134.38 W, 99 %, 9727 MiB
2025/11/27 17:02:01.517, 134.38 W, 99 %, 9727 MiB
2025/11/27 17:02:01.687, 134.38 W, 99 %, 9727 MiB
2025/11/27 17:02:01.857, 134.46 W, 99 %, 9727 MiB
2025/11/27 17:02:02.026, 134.46 W, 99 %, 9727 MiB
2025/11/27 17:02:02.194, 134.46 W, 99 %, 9727 MiB
2025/11/27 17:02:02.364, 134.94 W, 100 %, 9727 MiB
2025/11/27 17:02:02.533, 134.94 W, 100 %, 9727 MiB
2025/11/27 17:02:02.701, 134.94 W, 100 %, 9727 MiB
2025/11/27 17:02:02.871, 135.33 W, 100 %, 9727 MiB
2025/11/27 17:02:03.040, 135.33 W, 100 %, 9727 MiB
2025/11/27 17:02:03.210, 135.33 W, 100 %, 9727 MiB
2025/11/27 17:02:03.394, 135.26 W, 100 %, 9727 MiB
2025/11/27 17:02:03.563, 135.26 W, 100 %, 9727 MiB
2025/11/27 17:02:03.716, 135.26 W, 100 %, 9727 MiB
2025/11/27 17:02:03.886, 134.84 W, 100 %, 9727 MiB
2025/11/27 17:02:04.055, 134.84 W, 100 %, 9727 MiB
2025/11/27 17:02:04.225, 134.84 W, 100 %, 9727 MiB
2025/11/27 17:02:04.410, 134.65 W, 100 %, 9727 MiB
2025/11/27 17:02:04.580, 134.65 W, 100 %, 9727 MiB
2025/11/27 17:02:04.748, 134.65 W, 100 %, 9727 MiB
2025/11/27 17:02:04.917, 135.08 W, 100 %, 9727 MiB
2025/11/27 17:02:05.087, 135.08 W, 100 %, 9727 MiB
2025/11/27 17:02:05.257, 135.08 W, 100 %, 9727 MiB
2025/11/27 17:02:05.425, 134.86 W, 100 %, 9727 MiB
2025/11/27 17:02:05.595, 134.86 W, 100 %, 9727 MiB
2025/11/27 17:02:05.764, 134.86 W, 100 %, 9727 MiB
2025/11/27 17:02:05.934, 134.70 W, 100 %, 9727 MiB
2025/11/27 17:02:06.102, 134.70 W, 100 %, 9727 MiB
2025/11/27 17:02:06.270, 134.70 W, 100 %, 9727 MiB
2025/11/27 17:02:06.439, 134.91 W, 100 %, 9727 MiB
2025/11/27 17:02:06.608, 134.91 W, 100 %, 9727 MiB
2025/11/27 17:02:06.777, 134.91 W, 100 %, 9727 MiB
2025/11/27 17:02:06.945, 134.68 W, 100 %, 9727 MiB
2025/11/27 17:02:07.114, 134.68 W, 100 %, 9727 MiB
2025/11/27 17:02:07.284, 134.42 W, 100 %, 9727 MiB
2025/11/27 17:02:07.452, 134.42 W, 100 %, 9727 MiB
2025/11/27 17:02:07.635, 134.42 W, 100 %, 9727 MiB
2025/11/27 17:02:07.819, 134.46 W, 100 %, 9727 MiB
2025/11/27 17:02:07.988, 134.46 W, 100 %, 9727 MiB
2025/11/27 17:02:08.158, 134.46 W, 100 %, 9727 MiB
2025/11/27 17:02:08.327, 134.29 W, 100 %, 9727 MiB
2025/11/27 17:02:08.497, 134.29 W, 100 %, 9727 MiB
2025/11/27 17:02:08.666, 134.29 W, 100 %, 9727 MiB
2025/11/27 17:02:08.850, 134.81 W, 100 %, 9727 MiB
2025/11/27 17:02:09.020, 134.81 W, 100 %, 9727 MiB
2025/11/27 17:02:09.189, 134.81 W, 100 %, 9727 MiB
2025/11/27 17:02:09.359, 134.75 W, 100 %, 9727 MiB
2025/11/27 17:02:09.529, 134.75 W, 100 %, 9727 MiB
2025/11/27 17:02:09.698, 134.75 W, 100 %, 9727 MiB
2025/11/27 17:02:09.867, 134.44 W, 100 %, 9727 MiB
2025/11/27 17:02:10.034, 134.44 W, 100 %, 9727 MiB
2025/11/27 17:02:10.204, 134.44 W, 100 %, 9727 MiB
2025/11/27 17:02:10.386, 135.91 W, 86 %, 9727 MiB
2025/11/27 17:02:10.556, 135.91 W, 86 %, 9727 MiB
2025/11/27 17:02:10.726, 135.91 W, 86 %, 9727 MiB
2025/11/27 17:02:10.895, 138.67 W, 86 %, 9727 MiB
2025/11/27 17:02:11.065, 138.67 W, 86 %, 9727 MiB
2025/11/27 17:02:11.238, 138.67 W, 86 %, 9727 MiB
2025/11/27 17:02:11.405, 146.43 W, 98 %, 9727 MiB
2025/11/27 17:02:11.575, 146.43 W, 98 %, 9727 MiB
2025/11/27 17:02:11.744, 146.43 W, 98 %, 9727 MiB
2025/11/27 17:02:11.912, 140.67 W, 98 %, 9727 MiB
2025/11/27 17:02:12.082, 140.67 W, 98 %, 9727 MiB
2025/11/27 17:02:12.249, 140.67 W, 98 %, 9727 MiB
2025/11/27 17:02:12.418, 135.31 W, 100 %, 9727 MiB
2025/11/27 17:02:12.586, 135.31 W, 100 %, 9727 MiB
2025/11/27 17:02:12.756, 135.31 W, 100 %, 9727 MiB
2025/11/27 17:02:12.926, 135.12 W, 100 %, 9727 MiB
2025/11/27 17:02:13.094, 135.12 W, 100 %, 9727 MiB
2025/11/27 17:02:13.263, 135.12 W, 100 %, 9727 MiB
2025/11/27 17:02:13.432, 134.85 W, 100 %, 9727 MiB
2025/11/27 17:02:13.602, 134.85 W, 100 %, 9727 MiB
2025/11/27 17:02:13.786, 134.75 W, 100 %, 9727 MiB
2025/11/27 17:02:13.955, 134.75 W, 100 %, 9727 MiB
2025/11/27 17:02:14.138, 134.75 W, 100 %, 9727 MiB
2025/11/27 17:02:14.308, 134.82 W, 100 %, 9727 MiB
2025/11/27 17:02:14.490, 134.82 W, 100 %, 9727 MiB
2025/11/27 17:02:14.659, 134.82 W, 100 %, 9727 MiB
2025/11/27 17:02:14.828, 134.69 W, 100 %, 9727 MiB
2025/11/27 17:02:14.998, 134.69 W, 100 %, 9727 MiB
2025/11/27 17:02:15.167, 134.69 W, 100 %, 9727 MiB
2025/11/27 17:02:15.351, 134.84 W, 100 %, 9727 MiB
2025/11/27 17:02:15.520, 134.84 W, 100 %, 9727 MiB
2025/11/27 17:02:15.688, 134.84 W, 100 %, 9727 MiB
2025/11/27 17:02:15.857, 135.37 W, 100 %, 9727 MiB
2025/11/27 17:02:16.026, 135.37 W, 100 %, 9727 MiB
2025/11/27 17:02:16.212, 135.37 W, 100 %, 9727 MiB
2025/11/27 17:02:16.382, 134.43 W, 100 %, 9727 MiB
2025/11/27 17:02:16.551, 134.43 W, 100 %, 9727 MiB
2025/11/27 17:02:16.720, 134.43 W, 100 %, 9727 MiB
2025/11/27 17:02:16.889, 133.79 W, 100 %, 9727 MiB
2025/11/27 17:02:17.059, 133.79 W, 100 %, 9727 MiB
2025/11/27 17:02:17.229, 133.79 W, 100 %, 9727 MiB
2025/11/27 17:02:17.400, 133.63 W, 99 %, 9727 MiB
2025/11/27 17:02:17.569, 133.63 W, 99 %, 9727 MiB
2025/11/27 17:02:17.737, 133.63 W, 99 %, 9727 MiB
2025/11/27 17:02:17.906, 134.10 W, 99 %, 9727 MiB
2025/11/27 17:02:18.075, 134.10 W, 99 %, 9727 MiB
2025/11/27 17:02:18.243, 134.10 W, 99 %, 9727 MiB
2025/11/27 17:02:18.412, 134.77 W, 99 %, 9727 MiB
2025/11/27 17:02:18.581, 134.77 W, 99 %, 9727 MiB
2025/11/27 17:02:18.751, 134.77 W, 99 %, 9727 MiB
2025/11/27 17:02:18.920, 134.32 W, 99 %, 9727 MiB
2025/11/27 17:02:19.089, 134.32 W, 99 %, 9727 MiB
2025/11/27 17:02:19.259, 134.32 W, 99 %, 9727 MiB
2025/11/27 17:02:19.428, 134.72 W, 100 %, 9727 MiB
2025/11/27 17:02:19.596, 134.72 W, 100 %, 9727 MiB
2025/11/27 17:02:19.765, 134.72 W, 100 %, 9727 MiB
2025/11/27 17:02:19.935, 135.08 W, 100 %, 9727 MiB
2025/11/27 17:02:20.104, 135.08 W, 100 %, 9727 MiB
2025/11/27 17:02:20.274, 135.08 W, 100 %, 9727 MiB
2025/11/27 17:02:20.459, 135.07 W, 99 %, 9727 MiB
2025/11/27 17:02:20.613, 135.07 W, 99 %, 9727 MiB
2025/11/27 17:02:20.782, 134.83 W, 99 %, 9727 MiB
2025/11/27 17:02:20.966, 134.83 W, 99 %, 9727 MiB
2025/11/27 17:02:21.137, 134.83 W, 99 %, 9727 MiB
2025/11/27 17:02:21.306, 134.60 W, 99 %, 9727 MiB
2025/11/27 17:02:21.475, 134.60 W, 99 %, 9727 MiB
2025/11/27 17:02:21.642, 134.60 W, 99 %, 9727 MiB
2025/11/27 17:02:21.811, 134.50 W, 99 %, 9727 MiB
2025/11/27 17:02:21.965, 134.50 W, 99 %, 9727 MiB
2025/11/27 17:02:22.133, 134.50 W, 99 %, 9727 MiB
2025/11/27 17:02:22.288, 134.57 W, 100 %, 9727 MiB
2025/11/27 17:02:22.458, 134.57 W, 100 %, 9727 MiB
2025/11/27 17:02:22.628, 134.57 W, 100 %, 9727 MiB
2025/11/27 17:02:22.796, 134.66 W, 100 %, 9727 MiB
2025/11/27 17:02:22.966, 134.66 W, 100 %, 9727 MiB
2025/11/27 17:02:23.136, 134.66 W, 100 %, 9727 MiB
2025/11/27 17:02:23.290, 134.21 W, 100 %, 9727 MiB
2025/11/27 17:02:23.459, 134.21 W, 100 %, 9727 MiB
2025/11/27 17:02:23.628, 134.21 W, 100 %, 9727 MiB
2025/11/27 17:02:23.796, 134.50 W, 100 %, 9727 MiB
2025/11/27 17:02:23.965, 134.50 W, 100 %, 9727 MiB
2025/11/27 17:02:24.136, 134.50 W, 100 %, 9727 MiB
2025/11/27 17:02:24.304, 134.76 W, 100 %, 9727 MiB
2025/11/27 17:02:24.475, 134.76 W, 100 %, 9727 MiB
2025/11/27 17:02:24.630, 134.76 W, 100 %, 9727 MiB
2025/11/27 17:02:24.798, 134.93 W, 100 %, 9727 MiB
2025/11/27 17:02:24.966, 134.93 W, 100 %, 9727 MiB
2025/11/27 17:02:25.136, 134.93 W, 100 %, 9727 MiB
2025/11/27 17:02:25.306, 134.56 W, 100 %, 9727 MiB
2025/11/27 17:02:25.474, 134.56 W, 100 %, 9727 MiB
2025/11/27 17:02:25.643, 134.56 W, 100 %, 9727 MiB
2025/11/27 17:02:25.811, 134.34 W, 100 %, 9727 MiB
2025/11/27 17:02:25.966, 134.34 W, 100 %, 9727 MiB
2025/11/27 17:02:26.136, 134.34 W, 100 %, 9727 MiB
2025/11/27 17:02:26.304, 134.28 W, 100 %, 9727 MiB
2025/11/27 17:02:26.472, 134.28 W, 100 %, 9727 MiB
2025/11/27 17:02:26.642, 134.28 W, 100 %, 9727 MiB
2025/11/27 17:02:26.811, 134.77 W, 100 %, 9727 MiB
2025/11/27 17:02:26.978, 134.77 W, 100 %, 9727 MiB
2025/11/27 17:02:27.147, 134.77 W, 100 %, 9727 MiB
2025/11/27 17:02:27.316, 134.90 W, 100 %, 9727 MiB
2025/11/27 17:02:27.487, 134.90 W, 100 %, 9727 MiB
2025/11/27 17:02:27.654, 134.90 W, 100 %, 9727 MiB
2025/11/27 17:02:27.824, 135.33 W, 100 %, 9727 MiB
2025/11/27 17:02:27.993, 135.33 W, 100 %, 9727 MiB
2025/11/27 17:02:28.161, 135.33 W, 100 %, 9727 MiB
2025/11/27 17:02:28.331, 135.36 W, 99 %, 9727 MiB
2025/11/27 17:02:28.500, 135.36 W, 99 %, 9727 MiB
2025/11/27 17:02:28.669, 135.36 W, 99 %, 9727 MiB
2025/11/27 17:02:28.838, 134.71 W, 99 %, 9727 MiB
2025/11/27 17:02:28.991, 134.71 W, 99 %, 9727 MiB
2025/11/27 17:02:29.160, 134.71 W, 99 %, 9727 MiB
2025/11/27 17:02:29.329, 134.45 W, 98 %, 9727 MiB
2025/11/27 17:02:29.499, 134.45 W, 98 %, 9727 MiB
2025/11/27 17:02:29.667, 134.45 W, 98 %, 9727 MiB
2025/11/27 17:02:29.837, 134.32 W, 98 %, 9727 MiB
2025/11/27 17:02:30.005, 134.32 W, 98 %, 9727 MiB
2025/11/27 17:02:30.174, 134.32 W, 98 %, 9727 MiB
2025/11/27 17:02:30.341, 134.56 W, 100 %, 9727 MiB
2025/11/27 17:02:30.511, 134.56 W, 100 %, 9727 MiB
2025/11/27 17:02:30.680, 134.56 W, 100 %, 9727 MiB
2025/11/27 17:02:30.848, 134.59 W, 100 %, 9727 MiB
2025/11/27 17:02:31.003, 134.59 W, 100 %, 9727 MiB
2025/11/27 17:02:31.172, 134.59 W, 100 %, 9727 MiB
2025/11/27 17:02:31.341, 135.00 W, 100 %, 9727 MiB
2025/11/27 17:02:31.511, 135.00 W, 100 %, 9727 MiB
2025/11/27 17:02:31.664, 135.00 W, 100 %, 9727 MiB
2025/11/27 17:02:31.819, 135.83 W, 100 %, 9727 MiB
2025/11/27 17:02:31.990, 135.83 W, 100 %, 9727 MiB
2025/11/27 17:02:32.142, 135.83 W, 100 %, 9727 MiB
2025/11/27 17:02:32.311, 135.52 W, 100 %, 9727 MiB
2025/11/27 17:02:32.481, 135.52 W, 100 %, 9727 MiB
2025/11/27 17:02:32.664, 135.52 W, 100 %, 9727 MiB
2025/11/27 17:02:32.832, 134.71 W, 100 %, 9727 MiB
2025/11/27 17:02:33.001, 134.71 W, 100 %, 9727 MiB
2025/11/27 17:02:33.169, 134.71 W, 100 %, 9727 MiB
2025/11/27 17:02:33.338, 134.45 W, 100 %, 9727 MiB
2025/11/27 17:02:33.506, 134.45 W, 100 %, 9727 MiB
2025/11/27 17:02:33.675, 134.45 W, 100 %, 9727 MiB
2025/11/27 17:02:33.845, 134.95 W, 100 %, 9727 MiB
2025/11/27 17:02:34.014, 134.95 W, 100 %, 9727 MiB
2025/11/27 17:02:34.183, 134.95 W, 100 %, 9727 MiB
2025/11/27 17:02:34.352, 134.57 W, 100 %, 9727 MiB
2025/11/27 17:02:34.507, 134.57 W, 100 %, 9727 MiB
2025/11/27 17:02:34.676, 134.57 W, 100 %, 9727 MiB
2025/11/27 17:02:34.844, 134.57 W, 100 %, 9727 MiB
2025/11/27 17:02:35.013, 134.57 W, 100 %, 9727 MiB
2025/11/27 17:02:35.183, 134.57 W, 100 %, 9727 MiB
2025/11/27 17:02:35.353, 134.55 W, 99 %, 9727 MiB
2025/11/27 17:02:35.522, 134.55 W, 99 %, 9727 MiB
2025/11/27 17:02:35.690, 134.55 W, 99 %, 9727 MiB
2025/11/27 17:02:35.861, 134.42 W, 99 %, 9727 MiB
2025/11/27 17:02:36.029, 134.42 W, 99 %, 9727 MiB
2025/11/27 17:02:36.197, 134.42 W, 99 %, 9727 MiB
2025/11/27 17:02:36.366, 134.15 W, 99 %, 9727 MiB
2025/11/27 17:02:36.534, 134.15 W, 99 %, 9727 MiB
2025/11/27 17:02:36.704, 134.15 W, 99 %, 9727 MiB
2025/11/27 17:02:36.874, 134.54 W, 99 %, 9727 MiB
2025/11/27 17:02:37.043, 134.54 W, 99 %, 9727 MiB
2025/11/27 17:02:37.212, 134.54 W, 99 %, 9727 MiB
2025/11/27 17:02:37.381, 134.99 W, 100 %, 9727 MiB
2025/11/27 17:02:37.550, 134.99 W, 100 %, 9727 MiB
2025/11/27 17:02:37.722, 134.99 W, 100 %, 9727 MiB
2025/11/27 17:02:37.906, 134.08 W, 100 %, 9727 MiB
2025/11/27 17:02:38.074, 134.08 W, 100 %, 9727 MiB
2025/11/27 17:02:38.243, 134.08 W, 100 %, 9727 MiB
2025/11/27 17:02:38.413, 133.71 W, 99 %, 9727 MiB
2025/11/27 17:02:38.582, 133.71 W, 99 %, 9727 MiB
2025/11/27 17:02:38.752, 133.71 W, 99 %, 9727 MiB
2025/11/27 17:02:38.919, 134.18 W, 99 %, 9727 MiB
2025/11/27 17:02:39.088, 134.18 W, 99 %, 9727 MiB
2025/11/27 17:02:39.258, 134.18 W, 99 %, 9727 MiB
2025/11/27 17:02:39.427, 133.89 W, 100 %, 9727 MiB
2025/11/27 17:02:39.644, 133.89 W, 100 %, 9727 MiB
2025/11/27 17:02:39.815, 112.00 W, 100 %, 9727 MiB
2025/11/27 17:02:39.983, 112.00 W, 100 %, 9727 MiB
2025/11/27 17:02:40.214, 112.00 W, 100 %, 9727 MiB
2025/11/27 17:02:40.383, 111.53 W, 100 %, 9727 MiB
2025/11/27 17:02:40.552, 111.53 W, 100 %, 9727 MiB
2025/11/27 17:02:40.723, 111.53 W, 100 %, 9727 MiB
2025/11/27 17:02:40.891, 129.81 W, 100 %, 9727 MiB
2025/11/27 17:02:41.059, 129.81 W, 100 %, 9727 MiB
2025/11/27 17:02:41.229, 129.81 W, 100 %, 9727 MiB
2025/11/27 17:02:41.398, 134.44 W, 100 %, 9727 MiB
2025/11/27 17:02:41.567, 134.44 W, 100 %, 9727 MiB
2025/11/27 17:02:41.737, 134.44 W, 100 %, 9727 MiB
2025/11/27 17:02:41.907, 134.27 W, 100 %, 9727 MiB
2025/11/27 17:02:42.075, 134.27 W, 100 %, 9727 MiB
2025/11/27 17:02:42.244, 134.27 W, 100 %, 9727 MiB
2025/11/27 17:02:42.412, 134.52 W, 100 %, 9727 MiB
2025/11/27 17:02:42.582, 134.52 W, 100 %, 9727 MiB
2025/11/27 17:02:42.749, 134.52 W, 100 %, 9727 MiB
2025/11/27 17:02:42.919, 134.78 W, 100 %, 9727 MiB
2025/11/27 17:02:43.088, 134.78 W, 100 %, 9727 MiB
2025/11/27 17:02:43.256, 134.78 W, 100 %, 9727 MiB
2025/11/27 17:02:43.426, 134.57 W, 100 %, 9727 MiB
2025/11/27 17:02:43.595, 134.57 W, 100 %, 9727 MiB
2025/11/27 17:02:43.764, 134.57 W, 100 %, 9727 MiB
2025/11/27 17:02:43.934, 134.49 W, 100 %, 9727 MiB
2025/11/27 17:02:44.103, 134.49 W, 100 %, 9727 MiB
2025/11/27 17:02:44.272, 134.49 W, 100 %, 9727 MiB
2025/11/27 17:02:44.440, 134.59 W, 100 %, 9727 MiB
2025/11/27 17:02:44.609, 134.59 W, 100 %, 9727 MiB
2025/11/27 17:02:44.776, 134.59 W, 100 %, 9727 MiB
2025/11/27 17:02:44.946, 134.41 W, 100 %, 9727 MiB
2025/11/27 17:02:45.116, 134.41 W, 100 %, 9727 MiB
2025/11/27 17:02:45.284, 134.84 W, 100 %, 9727 MiB
2025/11/27 17:02:45.454, 134.84 W, 100 %, 9727 MiB
2025/11/27 17:02:45.624, 134.84 W, 100 %, 9727 MiB
2025/11/27 17:02:45.793, 134.97 W, 100 %, 9727 MiB
2025/11/27 17:02:45.961, 134.97 W, 100 %, 9727 MiB
2025/11/27 17:02:46.130, 134.97 W, 100 %, 9727 MiB
2025/11/27 17:02:46.298, 135.08 W, 100 %, 9727 MiB
2025/11/27 17:02:46.452, 135.08 W, 100 %, 9727 MiB
2025/11/27 17:02:46.622, 135.08 W, 100 %, 9727 MiB
2025/11/27 17:02:46.791, 135.76 W, 100 %, 9727 MiB
2025/11/27 17:02:46.959, 135.76 W, 100 %, 9727 MiB
2025/11/27 17:02:47.129, 135.76 W, 100 %, 9727 MiB
2025/11/27 17:02:47.298, 135.53 W, 99 %, 9727 MiB
2025/11/27 17:02:47.467, 135.53 W, 99 %, 9727 MiB
2025/11/27 17:02:47.636, 135.53 W, 99 %, 9727 MiB
2025/11/27 17:02:47.805, 135.41 W, 99 %, 9727 MiB
2025/11/27 17:02:47.975, 135.41 W, 99 %, 9727 MiB
2025/11/27 17:02:48.142, 135.41 W, 99 %, 9727 MiB
2025/11/27 17:02:48.310, 135.22 W, 100 %, 9727 MiB
2025/11/27 17:02:48.480, 135.22 W, 100 %, 9727 MiB
2025/11/27 17:02:48.634, 135.22 W, 100 %, 9727 MiB
2025/11/27 17:02:48.803, 135.07 W, 100 %, 9727 MiB
2025/11/27 17:02:48.973, 135.07 W, 100 %, 9727 MiB
2025/11/27 17:02:49.143, 135.07 W, 100 %, 9727 MiB
2025/11/27 17:02:49.311, 135.06 W, 100 %, 9727 MiB
2025/11/27 17:02:49.482, 135.06 W, 100 %, 9727 MiB
2025/11/27 17:02:49.636, 135.06 W, 100 %, 9727 MiB
2025/11/27 17:02:49.821, 134.79 W, 100 %, 9727 MiB
2025/11/27 17:02:49.991, 134.79 W, 100 %, 9727 MiB
2025/11/27 17:02:50.160, 134.79 W, 100 %, 9727 MiB
2025/11/27 17:02:50.329, 135.04 W, 100 %, 9727 MiB
2025/11/27 17:02:50.496, 135.04 W, 100 %, 9727 MiB
2025/11/27 17:02:50.666, 135.04 W, 100 %, 9727 MiB
2025/11/27 17:02:50.835, 134.81 W, 100 %, 9727 MiB
2025/11/27 17:02:51.004, 134.81 W, 100 %, 9727 MiB
2025/11/27 17:02:51.174, 134.81 W, 100 %, 9727 MiB
2025/11/27 17:02:51.342, 134.83 W, 100 %, 9727 MiB
2025/11/27 17:02:51.526, 134.83 W, 100 %, 9727 MiB
2025/11/27 17:02:51.696, 134.83 W, 100 %, 9727 MiB
2025/11/27 17:02:51.851, 135.20 W, 100 %, 9727 MiB
2025/11/27 17:02:52.021, 135.20 W, 100 %, 9727 MiB
2025/11/27 17:02:52.188, 135.20 W, 100 %, 9727 MiB
2025/11/27 17:02:52.358, 135.26 W, 100 %, 9727 MiB
2025/11/27 17:02:52.526, 135.26 W, 100 %, 9727 MiB
2025/11/27 17:02:52.680, 135.26 W, 100 %, 9727 MiB
2025/11/27 17:02:52.850, 135.22 W, 100 %, 9727 MiB
2025/11/27 17:02:53.019, 135.22 W, 100 %, 9727 MiB
2025/11/27 17:02:53.188, 135.22 W, 100 %, 9727 MiB
2025/11/27 17:02:53.357, 135.04 W, 100 %, 9727 MiB
2025/11/27 17:02:53.527, 135.04 W, 100 %, 9727 MiB
2025/11/27 17:02:53.695, 135.04 W, 100 %, 9727 MiB
2025/11/27 17:02:53.864, 135.14 W, 100 %, 9727 MiB
2025/11/27 17:02:54.033, 135.14 W, 100 %, 9727 MiB
2025/11/27 17:02:54.202, 135.14 W, 100 %, 9727 MiB
2025/11/27 17:02:54.356, 135.50 W, 99 %, 9727 MiB
2025/11/27 17:02:54.526, 135.50 W, 99 %, 9727 MiB
2025/11/27 17:02:54.694, 135.50 W, 99 %, 9727 MiB
2025/11/27 17:02:54.863, 135.41 W, 99 %, 9727 MiB
2025/11/27 17:02:55.031, 135.41 W, 99 %, 9727 MiB
2025/11/27 17:02:55.200, 135.41 W, 99 %, 9727 MiB
2025/11/27 17:02:55.370, 135.08 W, 100 %, 9727 MiB
2025/11/27 17:02:55.540, 135.08 W, 100 %, 9727 MiB
2025/11/27 17:02:55.708, 135.08 W, 100 %, 9727 MiB
2025/11/27 17:02:55.878, 135.07 W, 100 %, 9727 MiB
2025/11/27 17:02:56.048, 135.07 W, 100 %, 9727 MiB
2025/11/27 17:02:56.217, 135.07 W, 100 %, 9727 MiB
2025/11/27 17:02:56.386, 134.98 W, 98 %, 9727 MiB
2025/11/27 17:02:56.570, 134.98 W, 98 %, 9727 MiB
2025/11/27 17:02:56.739, 134.98 W, 98 %, 9727 MiB
2025/11/27 17:02:56.908, 134.98 W, 98 %, 9727 MiB
2025/11/27 17:02:57.077, 134.98 W, 98 %, 9727 MiB
2025/11/27 17:02:57.246, 134.98 W, 98 %, 9727 MiB
2025/11/27 17:02:57.415, 135.37 W, 100 %, 9727 MiB
2025/11/27 17:02:57.584, 135.37 W, 100 %, 9727 MiB
2025/11/27 17:02:57.752, 135.37 W, 100 %, 9727 MiB
2025/11/27 17:02:57.921, 135.38 W, 100 %, 9727 MiB
2025/11/27 17:02:58.090, 135.38 W, 100 %, 9727 MiB
2025/11/27 17:02:58.260, 135.38 W, 100 %, 9727 MiB
2025/11/27 17:02:58.429, 133.28 W, 99 %, 9727 MiB
2025/11/27 17:02:58.597, 133.28 W, 99 %, 9727 MiB
2025/11/27 17:02:58.766, 133.28 W, 99 %, 9727 MiB
2025/11/27 17:02:58.935, 132.68 W, 99 %, 9727 MiB
2025/11/27 17:02:59.105, 132.68 W, 99 %, 9727 MiB
2025/11/27 17:02:59.275, 132.68 W, 99 %, 9727 MiB
2025/11/27 17:02:59.445, 134.72 W, 100 %, 9727 MiB
2025/11/27 17:02:59.614, 134.72 W, 100 %, 9727 MiB
2025/11/27 17:02:59.783, 134.81 W, 100 %, 9727 MiB
2025/11/27 17:02:59.952, 134.81 W, 100 %, 9727 MiB
2025/11/27 17:03:00.123, 134.81 W, 100 %, 9727 MiB
2025/11/27 17:03:00.292, 134.73 W, 98 %, 9727 MiB
2025/11/27 17:03:00.462, 134.73 W, 98 %, 9727 MiB
2025/11/27 17:03:00.631, 134.73 W, 98 %, 9727 MiB
2025/11/27 17:03:00.815, 134.75 W, 98 %, 9727 MiB
2025/11/27 17:03:00.985, 134.75 W, 98 %, 9727 MiB
2025/11/27 17:03:01.155, 134.75 W, 98 %, 9727 MiB
2025/11/27 17:03:01.325, 134.66 W, 100 %, 9727 MiB
2025/11/27 17:03:01.495, 134.66 W, 100 %, 9727 MiB
2025/11/27 17:03:01.664, 134.66 W, 100 %, 9727 MiB
2025/11/27 17:03:01.833, 134.75 W, 100 %, 9727 MiB
2025/11/27 17:03:02.002, 134.75 W, 100 %, 9727 MiB
2025/11/27 17:03:02.171, 134.75 W, 100 %, 9727 MiB
2025/11/27 17:03:02.342, 134.66 W, 99 %, 9727 MiB
2025/11/27 17:03:02.511, 134.66 W, 99 %, 9727 MiB
2025/11/27 17:03:02.680, 134.66 W, 99 %, 9727 MiB
2025/11/27 17:03:02.849, 134.33 W, 99 %, 9727 MiB
2025/11/27 17:03:03.017, 134.33 W, 99 %, 9727 MiB
2025/11/27 17:03:03.186, 134.33 W, 99 %, 9727 MiB
2025/11/27 17:03:03.357, 139.38 W, 93 %, 9727 MiB
2025/11/27 17:03:03.527, 139.38 W, 93 %, 9727 MiB
2025/11/27 17:03:03.696, 139.38 W, 93 %, 9727 MiB
2025/11/27 17:03:03.865, 146.83 W, 93 %, 9727 MiB
2025/11/27 17:03:04.050, 146.83 W, 93 %, 9727 MiB
2025/11/27 17:03:04.218, 146.83 W, 93 %, 9727 MiB
2025/11/27 17:03:04.387, 143.60 W, 100 %, 9727 MiB
2025/11/27 17:03:04.557, 143.60 W, 100 %, 9727 MiB
2025/11/27 17:03:04.726, 143.60 W, 100 %, 9727 MiB
2025/11/27 17:03:04.895, 134.66 W, 100 %, 9727 MiB
2025/11/27 17:03:05.064, 134.66 W, 100 %, 9727 MiB
2025/11/27 17:03:05.235, 134.66 W, 100 %, 9727 MiB
2025/11/27 17:03:05.404, 134.64 W, 100 %, 9727 MiB
2025/11/27 17:03:05.574, 134.64 W, 100 %, 9727 MiB
2025/11/27 17:03:05.728, 134.64 W, 100 %, 9727 MiB
2025/11/27 17:03:05.899, 134.76 W, 100 %, 9727 MiB
2025/11/27 17:03:06.069, 134.76 W, 100 %, 9727 MiB
2025/11/27 17:03:06.238, 134.76 W, 100 %, 9727 MiB
2025/11/27 17:03:06.408, 133.37 W, 95 %, 9727 MiB
2025/11/27 17:03:06.577, 133.37 W, 95 %, 9727 MiB
2025/11/27 17:03:06.732, 133.37 W, 95 %, 9727 MiB
2025/11/27 17:03:06.902, 133.34 W, 95 %, 9727 MiB
2025/11/27 17:03:07.072, 133.34 W, 95 %, 9727 MiB
2025/11/27 17:03:07.240, 133.34 W, 95 %, 9727 MiB
2025/11/27 17:03:07.410, 136.73 W, 83 %, 9727 MiB
2025/11/27 17:03:07.595, 136.73 W, 83 %, 9727 MiB
2025/11/27 17:03:07.764, 136.73 W, 83 %, 9727 MiB
2025/11/27 17:03:07.933, 146.18 W, 83 %, 9727 MiB
2025/11/27 17:03:08.102, 146.18 W, 83 %, 9727 MiB
2025/11/27 17:03:08.287, 144.85 W, 100 %, 9727 MiB
2025/11/27 17:03:08.456, 144.85 W, 100 %, 9727 MiB
2025/11/27 17:03:08.625, 144.85 W, 100 %, 9727 MiB
2025/11/27 17:03:08.794, 135.84 W, 100 %, 9727 MiB
2025/11/27 17:03:08.963, 135.84 W, 100 %, 9727 MiB
2025/11/27 17:03:09.132, 135.84 W, 100 %, 9727 MiB
2025/11/27 17:03:09.300, 134.24 W, 99 %, 9727 MiB
2025/11/27 17:03:09.471, 134.24 W, 99 %, 9727 MiB
2025/11/27 17:03:09.641, 134.24 W, 99 %, 9727 MiB
2025/11/27 17:03:09.810, 134.43 W, 99 %, 9727 MiB
2025/11/27 17:03:09.979, 134.43 W, 99 %, 9727 MiB
2025/11/27 17:03:10.147, 134.43 W, 99 %, 9727 MiB
2025/11/27 17:03:10.316, 135.35 W, 100 %, 9727 MiB
2025/11/27 17:03:10.487, 135.35 W, 100 %, 9727 MiB
2025/11/27 17:03:10.654, 135.35 W, 100 %, 9727 MiB
2025/11/27 17:03:10.825, 135.57 W, 100 %, 9727 MiB
2025/11/27 17:03:10.993, 135.57 W, 100 %, 9727 MiB
2025/11/27 17:03:11.163, 135.57 W, 100 %, 9727 MiB
2025/11/27 17:03:11.332, 135.18 W, 99 %, 9727 MiB
2025/11/27 17:03:11.501, 135.18 W, 99 %, 9727 MiB
2025/11/27 17:03:11.671, 135.18 W, 99 %, 9727 MiB
2025/11/27 17:03:11.841, 135.01 W, 99 %, 9727 MiB
2025/11/27 17:03:12.011, 135.01 W, 99 %, 9727 MiB
2025/11/27 17:03:12.180, 135.01 W, 99 %, 9727 MiB
2025/11/27 17:03:12.349, 134.94 W, 100 %, 9727 MiB
2025/11/27 17:03:12.518, 134.94 W, 100 %, 9727 MiB
2025/11/27 17:03:12.685, 134.94 W, 100 %, 9727 MiB
2025/11/27 17:03:12.854, 135.49 W, 100 %, 9727 MiB
2025/11/27 17:03:13.038, 135.49 W, 100 %, 9727 MiB
2025/11/27 17:03:13.223, 135.49 W, 100 %, 9727 MiB
2025/11/27 17:03:13.394, 134.82 W, 97 %, 9727 MiB
2025/11/27 17:03:13.564, 134.82 W, 97 %, 9727 MiB
2025/11/27 17:03:13.748, 134.82 W, 97 %, 9727 MiB
2025/11/27 17:03:13.917, 133.81 W, 97 %, 9727 MiB
2025/11/27 17:03:14.086, 133.81 W, 97 %, 9727 MiB
2025/11/27 17:03:14.257, 133.81 W, 97 %, 9727 MiB
2025/11/27 17:03:14.427, 133.58 W, 99 %, 9727 MiB
2025/11/27 17:03:14.596, 133.58 W, 99 %, 9727 MiB
2025/11/27 17:03:14.764, 133.58 W, 99 %, 9727 MiB
2025/11/27 17:03:14.934, 135.44 W, 99 %, 9727 MiB
2025/11/27 17:03:15.104, 135.44 W, 99 %, 9727 MiB
2025/11/27 17:03:15.273, 135.44 W, 99 %, 9727 MiB
2025/11/27 17:03:15.441, 135.50 W, 100 %, 9727 MiB
2025/11/27 17:03:15.610, 135.50 W, 100 %, 9727 MiB
2025/11/27 17:03:15.779, 135.50 W, 100 %, 9727 MiB
2025/11/27 17:03:15.963, 134.77 W, 100 %, 9727 MiB
2025/11/27 17:03:16.132, 134.77 W, 100 %, 9727 MiB
2025/11/27 17:03:16.300, 135.07 W, 100 %, 9727 MiB
2025/11/27 17:03:16.468, 135.07 W, 100 %, 9727 MiB
2025/11/27 17:03:16.638, 135.07 W, 100 %, 9727 MiB
2025/11/27 17:03:16.807, 134.94 W, 100 %, 9727 MiB
2025/11/27 17:03:16.976, 134.94 W, 100 %, 9727 MiB
2025/11/27 17:03:17.145, 134.94 W, 100 %, 9727 MiB
2025/11/27 17:03:17.315, 135.17 W, 99 %, 9727 MiB
2025/11/27 17:03:17.485, 135.17 W, 99 %, 9727 MiB
2025/11/27 17:03:17.655, 135.17 W, 99 %, 9727 MiB
2025/11/27 17:03:17.824, 135.25 W, 99 %, 9727 MiB
2025/11/27 17:03:17.993, 135.25 W, 99 %, 9727 MiB
2025/11/27 17:03:18.163, 135.25 W, 99 %, 9727 MiB
2025/11/27 17:03:18.333, 135.18 W, 100 %, 9727 MiB
2025/11/27 17:03:18.501, 135.18 W, 100 %, 9727 MiB
2025/11/27 17:03:18.670, 135.18 W, 100 %, 9727 MiB
2025/11/27 17:03:18.840, 135.03 W, 100 %, 9727 MiB
2025/11/27 17:03:19.009, 135.03 W, 100 %, 9727 MiB
2025/11/27 17:03:19.193, 135.03 W, 100 %, 9727 MiB
2025/11/27 17:03:19.361, 134.95 W, 99 %, 9727 MiB
2025/11/27 17:03:19.529, 134.95 W, 99 %, 9727 MiB
2025/11/27 17:03:19.698, 134.95 W, 99 %, 9727 MiB
2025/11/27 17:03:19.868, 135.12 W, 99 %, 9727 MiB
2025/11/27 17:03:20.036, 135.12 W, 99 %, 9727 MiB
2025/11/27 17:03:20.206, 135.12 W, 99 %, 9727 MiB
2025/11/27 17:03:20.374, 134.95 W, 100 %, 9727 MiB
2025/11/27 17:03:20.544, 134.95 W, 100 %, 9727 MiB
2025/11/27 17:03:20.714, 134.95 W, 100 %, 9727 MiB
2025/11/27 17:03:20.883, 134.81 W, 100 %, 9727 MiB
2025/11/27 17:03:21.052, 134.81 W, 100 %, 9727 MiB
2025/11/27 17:03:21.221, 134.81 W, 100 %, 9727 MiB
2025/11/27 17:03:21.390, 135.35 W, 100 %, 9727 MiB
2025/11/27 17:03:21.559, 135.35 W, 100 %, 9727 MiB
2025/11/27 17:03:21.729, 135.35 W, 100 %, 9727 MiB
2025/11/27 17:03:21.897, 134.73 W, 100 %, 9727 MiB
2025/11/27 17:03:22.066, 134.73 W, 100 %, 9727 MiB
2025/11/27 17:03:22.236, 134.73 W, 100 %, 9727 MiB
2025/11/27 17:03:22.419, 134.94 W, 100 %, 9727 MiB
2025/11/27 17:03:22.588, 134.94 W, 100 %, 9727 MiB
2025/11/27 17:03:22.757, 134.94 W, 100 %, 9727 MiB
2025/11/27 17:03:22.927, 135.10 W, 100 %, 9727 MiB
2025/11/27 17:03:23.097, 135.10 W, 100 %, 9727 MiB
2025/11/27 17:03:23.267, 135.10 W, 100 %, 9727 MiB
2025/11/27 17:03:23.437, 134.97 W, 100 %, 9727 MiB
2025/11/27 17:03:23.606, 134.97 W, 100 %, 9727 MiB
2025/11/27 17:03:23.775, 134.97 W, 100 %, 9727 MiB
2025/11/27 17:03:23.945, 134.88 W, 100 %, 9727 MiB
2025/11/27 17:03:24.129, 134.88 W, 100 %, 9727 MiB
2025/11/27 17:03:24.299, 134.62 W, 99 %, 9727 MiB
2025/11/27 17:03:24.470, 134.62 W, 99 %, 9727 MiB
2025/11/27 17:03:24.624, 134.62 W, 99 %, 9727 MiB
2025/11/27 17:03:24.794, 134.47 W, 99 %, 9727 MiB
2025/11/27 17:03:24.964, 134.47 W, 99 %, 9727 MiB
2025/11/27 17:03:25.133, 134.47 W, 99 %, 9727 MiB
2025/11/27 17:03:25.303, 134.49 W, 99 %, 9727 MiB
2025/11/27 17:03:25.472, 134.49 W, 99 %, 9727 MiB
2025/11/27 17:03:25.643, 134.49 W, 99 %, 9727 MiB
2025/11/27 17:03:25.812, 135.18 W, 99 %, 9727 MiB
2025/11/27 17:03:25.981, 135.18 W, 99 %, 9727 MiB
2025/11/27 17:03:26.151, 135.18 W, 99 %, 9727 MiB
2025/11/27 17:03:26.320, 134.79 W, 100 %, 9727 MiB
2025/11/27 17:03:26.489, 134.79 W, 100 %, 9727 MiB
2025/11/27 17:03:26.657, 134.79 W, 100 %, 9727 MiB
2025/11/27 17:03:26.826, 134.78 W, 100 %, 9727 MiB
2025/11/27 17:03:26.995, 134.78 W, 100 %, 9727 MiB
2025/11/27 17:03:27.165, 134.78 W, 100 %, 9727 MiB
2025/11/27 17:03:27.332, 134.90 W, 100 %, 9727 MiB
2025/11/27 17:03:27.501, 134.90 W, 100 %, 9727 MiB
2025/11/27 17:03:27.669, 134.90 W, 100 %, 9727 MiB
2025/11/27 17:03:27.838, 134.70 W, 100 %, 9727 MiB
2025/11/27 17:03:28.007, 134.70 W, 100 %, 9727 MiB
2025/11/27 17:03:28.176, 134.70 W, 100 %, 9727 MiB
2025/11/27 17:03:28.361, 134.36 W, 100 %, 9727 MiB
2025/11/27 17:03:28.529, 134.36 W, 100 %, 9727 MiB
2025/11/27 17:03:28.699, 134.36 W, 100 %, 9727 MiB
2025/11/27 17:03:28.867, 134.88 W, 100 %, 9727 MiB
2025/11/27 17:03:29.037, 134.88 W, 100 %, 9727 MiB
2025/11/27 17:03:29.207, 134.88 W, 100 %, 9727 MiB
2025/11/27 17:03:29.378, 135.53 W, 100 %, 9727 MiB
2025/11/27 17:03:29.543, 135.53 W, 100 %, 9727 MiB
2025/11/27 17:03:29.712, 135.53 W, 100 %, 9727 MiB
2025/11/27 17:03:29.866, 135.27 W, 100 %, 9727 MiB
2025/11/27 17:03:30.035, 135.27 W, 100 %, 9727 MiB
2025/11/27 17:03:30.204, 135.27 W, 100 %, 9727 MiB
2025/11/27 17:03:30.374, 135.28 W, 100 %, 9727 MiB
2025/11/27 17:03:30.543, 135.28 W, 100 %, 9727 MiB
2025/11/27 17:03:30.713, 135.28 W, 100 %, 9727 MiB
2025/11/27 17:03:30.881, 134.74 W, 100 %, 9727 MiB
2025/11/27 17:03:31.051, 134.74 W, 100 %, 9727 MiB
2025/11/27 17:03:31.220, 134.74 W, 100 %, 9727 MiB
2025/11/27 17:03:31.388, 135.11 W, 100 %, 9727 MiB
2025/11/27 17:03:31.571, 135.11 W, 100 %, 9727 MiB
2025/11/27 17:03:31.740, 135.11 W, 100 %, 9727 MiB
2025/11/27 17:03:31.910, 135.23 W, 100 %, 9727 MiB
2025/11/27 17:03:32.094, 135.23 W, 100 %, 9727 MiB
2025/11/27 17:03:32.262, 135.23 W, 100 %, 9727 MiB
2025/11/27 17:03:32.447, 135.43 W, 100 %, 9727 MiB
2025/11/27 17:03:32.616, 135.43 W, 100 %, 9727 MiB
2025/11/27 17:03:32.785, 135.62 W, 100 %, 9727 MiB
2025/11/27 17:03:32.954, 135.62 W, 100 %, 9727 MiB
2025/11/27 17:03:33.122, 135.62 W, 100 %, 9727 MiB
2025/11/27 17:03:33.293, 136.88 W, 84 %, 9727 MiB
2025/11/27 17:03:33.461, 136.88 W, 84 %, 9727 MiB
2025/11/27 17:03:33.630, 136.88 W, 84 %, 9727 MiB
2025/11/27 17:03:33.798, 142.71 W, 84 %, 9727 MiB
2025/11/27 17:03:33.968, 142.71 W, 84 %, 9727 MiB
2025/11/27 17:03:34.138, 142.71 W, 84 %, 9727 MiB
2025/11/27 17:03:34.307, 149.03 W, 82 %, 9727 MiB
2025/11/27 17:03:34.477, 149.03 W, 82 %, 9727 MiB
2025/11/27 17:03:34.647, 149.03 W, 82 %, 9727 MiB
2025/11/27 17:03:34.816, 148.84 W, 82 %, 9727 MiB
2025/11/27 17:03:34.986, 148.84 W, 82 %, 9727 MiB
2025/11/27 17:03:35.155, 148.84 W, 82 %, 9727 MiB
2025/11/27 17:03:35.324, 148.73 W, 83 %, 9727 MiB
2025/11/27 17:03:35.495, 148.73 W, 83 %, 9727 MiB
2025/11/27 17:03:35.664, 148.73 W, 83 %, 9727 MiB
2025/11/27 17:03:35.833, 148.97 W, 83 %, 9727 MiB
2025/11/27 17:03:36.002, 148.97 W, 83 %, 9727 MiB
2025/11/27 17:03:36.172, 148.97 W, 83 %, 9727 MiB
2025/11/27 17:03:36.339, 149.20 W, 83 %, 9727 MiB
2025/11/27 17:03:36.522, 149.20 W, 83 %, 9727 MiB
2025/11/27 17:03:36.678, 149.20 W, 83 %, 9727 MiB
2025/11/27 17:03:36.848, 120.54 W, 83 %, 9727 MiB
2025/11/27 17:03:37.032, 120.54 W, 83 %, 9727 MiB
2025/11/27 17:03:37.201, 120.54 W, 83 %, 9727 MiB
2025/11/27 17:03:37.369, 116.78 W, 100 %, 9727 MiB
2025/11/27 17:03:37.538, 116.78 W, 100 %, 9727 MiB
2025/11/27 17:03:37.708, 116.78 W, 100 %, 9727 MiB
2025/11/27 17:03:37.878, 126.29 W, 100 %, 9727 MiB
2025/11/27 17:03:38.048, 126.29 W, 100 %, 9727 MiB
2025/11/27 17:03:38.217, 126.29 W, 100 %, 9727 MiB
2025/11/27 17:03:38.386, 134.38 W, 100 %, 9727 MiB
2025/11/27 17:03:38.555, 134.38 W, 100 %, 9727 MiB
2025/11/27 17:03:38.740, 134.38 W, 100 %, 9727 MiB
2025/11/27 17:03:38.909, 134.36 W, 100 %, 9727 MiB
2025/11/27 17:03:39.078, 134.36 W, 100 %, 9727 MiB
2025/11/27 17:03:39.247, 134.36 W, 100 %, 9727 MiB
2025/11/27 17:03:39.416, 134.22 W, 100 %, 9727 MiB
2025/11/27 17:03:39.585, 134.22 W, 100 %, 9727 MiB
2025/11/27 17:03:39.752, 134.22 W, 100 %, 9727 MiB
2025/11/27 17:03:39.920, 134.85 W, 100 %, 9727 MiB
2025/11/27 17:03:40.089, 134.85 W, 100 %, 9727 MiB
2025/11/27 17:03:40.258, 134.85 W, 100 %, 9727 MiB
2025/11/27 17:03:40.427, 135.09 W, 100 %, 9727 MiB
2025/11/27 17:03:40.595, 135.09 W, 100 %, 9727 MiB
2025/11/27 17:03:40.764, 135.09 W, 100 %, 9727 MiB
2025/11/27 17:03:40.933, 134.72 W, 100 %, 9727 MiB
2025/11/27 17:03:41.101, 134.72 W, 100 %, 9727 MiB
2025/11/27 17:03:41.269, 134.72 W, 100 %, 9727 MiB
2025/11/27 17:03:41.438, 134.80 W, 100 %, 9727 MiB
2025/11/27 17:03:41.609, 134.80 W, 100 %, 9727 MiB
2025/11/27 17:03:41.777, 134.80 W, 100 %, 9727 MiB
2025/11/27 17:03:41.962, 134.83 W, 100 %, 9727 MiB
2025/11/27 17:03:42.128, 134.83 W, 100 %, 9727 MiB
2025/11/27 17:03:42.298, 134.97 W, 100 %, 9727 MiB
2025/11/27 17:03:42.467, 134.97 W, 100 %, 9727 MiB
2025/11/27 17:03:42.636, 134.97 W, 100 %, 9727 MiB
2025/11/27 17:03:42.805, 135.31 W, 100 %, 9727 MiB
2025/11/27 17:03:42.974, 135.31 W, 100 %, 9727 MiB
2025/11/27 17:03:43.143, 135.31 W, 100 %, 9727 MiB
2025/11/27 17:03:43.314, 134.81 W, 100 %, 9727 MiB
2025/11/27 17:03:43.483, 134.81 W, 100 %, 9727 MiB
2025/11/27 17:03:43.652, 134.81 W, 100 %, 9727 MiB
2025/11/27 17:03:43.821, 134.73 W, 100 %, 9727 MiB
2025/11/27 17:03:43.991, 134.73 W, 100 %, 9727 MiB
2025/11/27 17:03:44.159, 134.73 W, 100 %, 9727 MiB
2025/11/27 17:03:44.329, 134.50 W, 100 %, 9727 MiB
2025/11/27 17:03:44.502, 134.50 W, 100 %, 9727 MiB
2025/11/27 17:03:44.668, 134.50 W, 100 %, 9727 MiB
2025/11/27 17:03:44.822, 135.45 W, 100 %, 9727 MiB
2025/11/27 17:03:44.992, 135.45 W, 100 %, 9727 MiB
2025/11/27 17:03:45.161, 135.45 W, 100 %, 9727 MiB
2025/11/27 17:03:45.331, 136.08 W, 100 %, 9727 MiB
2025/11/27 17:03:45.501, 136.08 W, 100 %, 9727 MiB
2025/11/27 17:03:45.668, 136.08 W, 100 %, 9727 MiB
2025/11/27 17:03:45.837, 135.72 W, 100 %, 9727 MiB
2025/11/27 17:03:46.021, 135.72 W, 100 %, 9727 MiB
2025/11/27 17:03:46.191, 135.72 W, 100 %, 9727 MiB
2025/11/27 17:03:46.361, 134.96 W, 100 %, 9727 MiB
2025/11/27 17:03:46.530, 134.96 W, 100 %, 9727 MiB
2025/11/27 17:03:46.698, 134.96 W, 100 %, 9727 MiB
2025/11/27 17:03:46.866, 134.80 W, 100 %, 9727 MiB
2025/11/27 17:03:47.035, 134.80 W, 100 %, 9727 MiB
2025/11/27 17:03:47.204, 134.80 W, 100 %, 9727 MiB
2025/11/27 17:03:47.374, 135.41 W, 100 %, 9727 MiB
2025/11/27 17:03:47.544, 135.41 W, 100 %, 9727 MiB
2025/11/27 17:03:47.698, 135.41 W, 100 %, 9727 MiB
2025/11/27 17:03:47.866, 135.21 W, 100 %, 9727 MiB
2025/11/27 17:03:48.036, 135.21 W, 100 %, 9727 MiB
2025/11/27 17:03:48.206, 135.21 W, 100 %, 9727 MiB
2025/11/27 17:03:48.375, 134.67 W, 97 %, 9727 MiB
2025/11/27 17:03:48.544, 134.67 W, 97 %, 9727 MiB
2025/11/27 17:03:48.713, 134.67 W, 97 %, 9727 MiB
2025/11/27 17:03:48.881, 135.15 W, 97 %, 9727 MiB
2025/11/27 17:03:49.051, 135.15 W, 97 %, 9727 MiB
2025/11/27 17:03:49.219, 135.15 W, 97 %, 9727 MiB
2025/11/27 17:03:49.373, 135.50 W, 100 %, 9727 MiB
2025/11/27 17:03:49.541, 135.50 W, 100 %, 9727 MiB
2025/11/27 17:03:49.710, 135.50 W, 100 %, 9727 MiB
2025/11/27 17:03:49.879, 135.48 W, 100 %, 9727 MiB
2025/11/27 17:03:50.048, 135.48 W, 100 %, 9727 MiB
2025/11/27 17:03:50.216, 135.48 W, 100 %, 9727 MiB
2025/11/27 17:03:50.384, 135.22 W, 100 %, 9727 MiB
2025/11/27 17:03:50.555, 135.22 W, 100 %, 9727 MiB
2025/11/27 17:03:50.722, 135.22 W, 100 %, 9727 MiB
2025/11/27 17:03:50.891, 135.25 W, 100 %, 9727 MiB
2025/11/27 17:03:51.061, 135.25 W, 100 %, 9727 MiB
2025/11/27 17:03:51.231, 135.25 W, 100 %, 9727 MiB
2025/11/27 17:03:51.401, 135.40 W, 100 %, 9727 MiB
2025/11/27 17:03:51.586, 135.40 W, 100 %, 9727 MiB
2025/11/27 17:03:51.756, 135.40 W, 100 %, 9727 MiB
2025/11/27 17:03:51.925, 135.76 W, 100 %, 9727 MiB
2025/11/27 17:03:52.078, 135.76 W, 100 %, 9727 MiB
2025/11/27 17:03:52.231, 135.76 W, 100 %, 9727 MiB
2025/11/27 17:03:52.400, 136.28 W, 100 %, 9727 MiB
2025/11/27 17:03:52.584, 136.28 W, 100 %, 9727 MiB
2025/11/27 17:03:52.754, 136.28 W, 100 %, 9727 MiB
2025/11/27 17:03:52.923, 136.90 W, 100 %, 9727 MiB
2025/11/27 17:03:53.093, 136.90 W, 100 %, 9727 MiB
2025/11/27 17:03:53.261, 136.90 W, 100 %, 9727 MiB
2025/11/27 17:03:53.430, 136.00 W, 100 %, 9727 MiB
2025/11/27 17:03:53.600, 136.00 W, 100 %, 9727 MiB
2025/11/27 17:03:53.769, 136.00 W, 100 %, 9727 MiB
2025/11/27 17:03:53.938, 135.98 W, 100 %, 9727 MiB
2025/11/27 17:03:54.093, 135.98 W, 100 %, 9727 MiB
2025/11/27 17:03:54.262, 135.98 W, 100 %, 9727 MiB
2025/11/27 17:03:54.432, 136.29 W, 100 %, 9727 MiB
2025/11/27 17:03:54.601, 136.29 W, 100 %, 9727 MiB
2025/11/27 17:03:54.770, 136.29 W, 100 %, 9727 MiB
2025/11/27 17:03:54.939, 135.48 W, 100 %, 9727 MiB
2025/11/27 17:03:55.107, 135.48 W, 100 %, 9727 MiB
2025/11/27 17:03:55.277, 135.48 W, 100 %, 9727 MiB
2025/11/27 17:03:55.460, 134.67 W, 100 %, 9727 MiB
2025/11/27 17:03:55.629, 134.67 W, 100 %, 9727 MiB
2025/11/27 17:03:55.798, 135.25 W, 100 %, 9727 MiB
2025/11/27 17:03:55.967, 135.25 W, 100 %, 9727 MiB
2025/11/27 17:03:56.136, 135.25 W, 100 %, 9727 MiB
2025/11/27 17:03:56.305, 135.55 W, 100 %, 9727 MiB
2025/11/27 17:03:56.473, 135.55 W, 100 %, 9727 MiB
2025/11/27 17:03:56.643, 135.55 W, 100 %, 9727 MiB
2025/11/27 17:03:56.813, 135.24 W, 100 %, 9727 MiB
2025/11/27 17:03:56.981, 135.24 W, 100 %, 9727 MiB
2025/11/27 17:03:57.150, 135.24 W, 100 %, 9727 MiB
2025/11/27 17:03:57.320, 134.53 W, 100 %, 9727 MiB
2025/11/27 17:03:57.490, 134.53 W, 100 %, 9727 MiB
2025/11/27 17:03:57.676, 134.53 W, 100 %, 9727 MiB
2025/11/27 17:03:57.845, 139.26 W, 100 %, 9727 MiB
2025/11/27 17:03:57.998, 139.26 W, 100 %, 9727 MiB
2025/11/27 17:03:58.182, 139.26 W, 100 %, 9727 MiB
2025/11/27 17:03:58.351, 144.07 W, 99 %, 9727 MiB
2025/11/27 17:03:58.521, 144.07 W, 99 %, 9727 MiB
2025/11/27 17:03:58.689, 144.07 W, 99 %, 9727 MiB
2025/11/27 17:03:58.858, 141.87 W, 99 %, 9727 MiB
2025/11/27 17:03:59.028, 141.87 W, 99 %, 9727 MiB
2025/11/27 17:03:59.212, 141.87 W, 99 %, 9727 MiB
2025/11/27 17:03:59.382, 136.79 W, 78 %, 9727 MiB
2025/11/27 17:03:59.538, 136.79 W, 78 %, 9727 MiB
2025/11/27 17:03:59.707, 136.79 W, 78 %, 9727 MiB
2025/11/27 17:03:59.876, 142.25 W, 78 %, 9727 MiB
2025/11/27 17:04:00.045, 142.25 W, 78 %, 9727 MiB
2025/11/27 17:04:00.213, 142.25 W, 78 %, 9727 MiB
2025/11/27 17:04:00.378, 142.24 W, 99 %, 9727 MiB
2025/11/27 17:04:00.547, 142.24 W, 99 %, 9727 MiB
2025/11/27 17:04:00.714, 142.24 W, 99 %, 9727 MiB
2025/11/27 17:04:00.884, 134.91 W, 99 %, 9727 MiB
2025/11/27 17:04:01.053, 134.91 W, 99 %, 9727 MiB
2025/11/27 17:04:01.223, 134.91 W, 99 %, 9727 MiB
2025/11/27 17:04:01.408, 134.70 W, 99 %, 9727 MiB
2025/11/27 17:04:01.579, 134.70 W, 99 %, 9727 MiB
2025/11/27 17:04:01.747, 134.70 W, 99 %, 9727 MiB
2025/11/27 17:04:01.916, 134.97 W, 99 %, 9727 MiB
2025/11/27 17:04:02.084, 134.97 W, 99 %, 9727 MiB
2025/11/27 17:04:02.237, 134.97 W, 99 %, 9727 MiB
2025/11/27 17:04:02.406, 135.95 W, 100 %, 9727 MiB
2025/11/27 17:04:02.574, 135.95 W, 100 %, 9727 MiB
2025/11/27 17:04:02.742, 135.95 W, 100 %, 9727 MiB
2025/11/27 17:04:02.912, 136.01 W, 100 %, 9727 MiB
2025/11/27 17:04:03.066, 136.01 W, 100 %, 9727 MiB
2025/11/27 17:04:03.235, 136.01 W, 100 %, 9727 MiB
2025/11/27 17:04:03.404, 136.00 W, 100 %, 9727 MiB
2025/11/27 17:04:03.573, 136.00 W, 100 %, 9727 MiB
2025/11/27 17:04:03.743, 136.00 W, 100 %, 9727 MiB
2025/11/27 17:04:03.927, 135.83 W, 100 %, 9727 MiB
2025/11/27 17:04:04.097, 135.83 W, 100 %, 9727 MiB
2025/11/27 17:04:04.266, 135.83 W, 100 %, 9727 MiB
2025/11/27 17:04:04.435, 135.65 W, 100 %, 9727 MiB
2025/11/27 17:04:04.589, 135.65 W, 100 %, 9727 MiB
2025/11/27 17:04:04.758, 135.65 W, 100 %, 9727 MiB
2025/11/27 17:04:04.928, 135.45 W, 100 %, 9727 MiB
2025/11/27 17:04:05.097, 135.45 W, 100 %, 9727 MiB
2025/11/27 17:04:05.266, 135.45 W, 100 %, 9727 MiB
2025/11/27 17:04:05.435, 135.18 W, 100 %, 9727 MiB
2025/11/27 17:04:05.604, 135.18 W, 100 %, 9727 MiB
2025/11/27 17:04:05.773, 135.18 W, 100 %, 9727 MiB
2025/11/27 17:04:05.943, 134.84 W, 100 %, 9727 MiB
2025/11/27 17:04:06.111, 134.84 W, 100 %, 9727 MiB
2025/11/27 17:04:06.280, 134.84 W, 100 %, 9727 MiB
2025/11/27 17:04:06.450, 135.37 W, 100 %, 9727 MiB
2025/11/27 17:04:06.619, 135.37 W, 100 %, 9727 MiB
2025/11/27 17:04:06.787, 135.63 W, 100 %, 9727 MiB
2025/11/27 17:04:06.958, 135.63 W, 100 %, 9727 MiB
2025/11/27 17:04:07.127, 135.63 W, 100 %, 9727 MiB
2025/11/27 17:04:07.297, 135.83 W, 100 %, 9727 MiB
2025/11/27 17:04:07.467, 135.83 W, 100 %, 9727 MiB
2025/11/27 17:04:07.635, 135.83 W, 100 %, 9727 MiB
2025/11/27 17:04:07.803, 135.82 W, 100 %, 9727 MiB
2025/11/27 17:04:07.973, 135.82 W, 100 %, 9727 MiB
2025/11/27 17:04:08.157, 135.82 W, 100 %, 9727 MiB
2025/11/27 17:04:08.327, 135.90 W, 100 %, 9727 MiB
2025/11/27 17:04:08.496, 135.90 W, 100 %, 9727 MiB
2025/11/27 17:04:08.666, 135.90 W, 100 %, 9727 MiB
2025/11/27 17:04:08.834, 135.13 W, 100 %, 9727 MiB
2025/11/27 17:04:09.002, 135.13 W, 100 %, 9727 MiB
2025/11/27 17:04:09.171, 135.13 W, 100 %, 9727 MiB
2025/11/27 17:04:09.341, 134.75 W, 100 %, 9727 MiB
2025/11/27 17:04:09.509, 134.75 W, 100 %, 9727 MiB
2025/11/27 17:04:09.680, 134.75 W, 100 %, 9727 MiB
2025/11/27 17:04:09.862, 135.25 W, 100 %, 9727 MiB
2025/11/27 17:04:10.032, 135.25 W, 100 %, 9727 MiB
2025/11/27 17:04:10.201, 135.25 W, 100 %, 9727 MiB
2025/11/27 17:04:10.370, 135.88 W, 100 %, 9727 MiB
2025/11/27 17:04:10.539, 135.88 W, 100 %, 9727 MiB
2025/11/27 17:04:10.709, 135.88 W, 100 %, 9727 MiB
2025/11/27 17:04:10.879, 135.63 W, 100 %, 9727 MiB
2025/11/27 17:04:11.048, 135.63 W, 100 %, 9727 MiB
2025/11/27 17:04:11.217, 135.63 W, 100 %, 9727 MiB
2025/11/27 17:04:11.387, 134.15 W, 99 %, 9727 MiB
2025/11/27 17:04:11.555, 134.15 W, 99 %, 9727 MiB
2025/11/27 17:04:11.739, 134.15 W, 99 %, 9727 MiB
2025/11/27 17:04:11.908, 133.63 W, 99 %, 9727 MiB
2025/11/27 17:04:12.075, 133.63 W, 99 %, 9727 MiB
2025/11/27 17:04:12.245, 133.63 W, 99 %, 9727 MiB
2025/11/27 17:04:12.414, 134.86 W, 100 %, 9727 MiB
2025/11/27 17:04:12.584, 134.86 W, 100 %, 9727 MiB
2025/11/27 17:04:12.754, 134.86 W, 100 %, 9727 MiB
2025/11/27 17:04:12.922, 135.42 W, 100 %, 9727 MiB
2025/11/27 17:04:13.090, 135.42 W, 100 %, 9727 MiB
2025/11/27 17:04:13.260, 135.42 W, 100 %, 9727 MiB
2025/11/27 17:04:13.429, 135.20 W, 100 %, 9727 MiB
2025/11/27 17:04:13.596, 135.20 W, 100 %, 9727 MiB
2025/11/27 17:04:13.766, 135.20 W, 100 %, 9727 MiB
2025/11/27 17:04:13.935, 135.83 W, 100 %, 9727 MiB
2025/11/27 17:04:14.104, 135.83 W, 100 %, 9727 MiB
2025/11/27 17:04:14.273, 135.83 W, 100 %, 9727 MiB
2025/11/27 17:04:14.427, 136.65 W, 100 %, 9727 MiB
2025/11/27 17:04:14.613, 136.65 W, 100 %, 9727 MiB
2025/11/27 17:04:14.780, 136.65 W, 100 %, 9727 MiB
2025/11/27 17:04:14.949, 137.24 W, 100 %, 9727 MiB
2025/11/27 17:04:15.118, 137.24 W, 100 %, 9727 MiB
2025/11/27 17:04:15.288, 136.06 W, 100 %, 9727 MiB
2025/11/27 17:04:15.457, 136.06 W, 100 %, 9727 MiB
2025/11/27 17:04:15.625, 136.06 W, 100 %, 9727 MiB
2025/11/27 17:04:15.793, 135.12 W, 100 %, 9727 MiB
2025/11/27 17:04:15.962, 135.12 W, 100 %, 9727 MiB
2025/11/27 17:04:16.131, 135.12 W, 100 %, 9727 MiB
2025/11/27 17:04:16.300, 135.27 W, 100 %, 9727 MiB
2025/11/27 17:04:16.469, 135.27 W, 100 %, 9727 MiB
2025/11/27 17:04:16.637, 135.27 W, 100 %, 9727 MiB
2025/11/27 17:04:16.821, 135.09 W, 100 %, 9727 MiB
2025/11/27 17:04:16.990, 135.09 W, 100 %, 9727 MiB
2025/11/27 17:04:17.158, 135.09 W, 100 %, 9727 MiB
2025/11/27 17:04:17.326, 135.28 W, 100 %, 9727 MiB
2025/11/27 17:04:17.496, 135.28 W, 100 %, 9727 MiB
2025/11/27 17:04:17.664, 135.28 W, 100 %, 9727 MiB
2025/11/27 17:04:17.834, 134.42 W, 100 %, 9727 MiB
2025/11/27 17:04:18.003, 134.42 W, 100 %, 9727 MiB
2025/11/27 17:04:18.173, 134.42 W, 100 %, 9727 MiB
2025/11/27 17:04:18.342, 134.54 W, 100 %, 9727 MiB
2025/11/27 17:04:18.512, 134.54 W, 100 %, 9727 MiB
2025/11/27 17:04:18.680, 134.54 W, 100 %, 9727 MiB
2025/11/27 17:04:18.849, 135.33 W, 100 %, 9727 MiB
2025/11/27 17:04:19.016, 135.33 W, 100 %, 9727 MiB
2025/11/27 17:04:19.186, 135.33 W, 100 %, 9727 MiB
2025/11/27 17:04:19.356, 135.87 W, 100 %, 9727 MiB
2025/11/27 17:04:19.525, 135.87 W, 100 %, 9727 MiB
2025/11/27 17:04:19.694, 135.87 W, 100 %, 9727 MiB
2025/11/27 17:04:19.863, 135.88 W, 100 %, 9727 MiB
2025/11/27 17:04:20.048, 135.88 W, 100 %, 9727 MiB
2025/11/27 17:04:20.219, 135.88 W, 100 %, 9727 MiB
2025/11/27 17:04:20.388, 135.73 W, 99 %, 9727 MiB
2025/11/27 17:04:20.558, 135.73 W, 99 %, 9727 MiB
2025/11/27 17:04:20.728, 135.73 W, 99 %, 9727 MiB
2025/11/27 17:04:20.897, 135.95 W, 99 %, 9727 MiB
2025/11/27 17:04:21.067, 135.95 W, 99 %, 9727 MiB
2025/11/27 17:04:21.235, 135.95 W, 99 %, 9727 MiB
2025/11/27 17:04:21.405, 136.18 W, 100 %, 9727 MiB
2025/11/27 17:04:21.574, 136.18 W, 100 %, 9727 MiB
2025/11/27 17:04:21.758, 136.18 W, 100 %, 9727 MiB
2025/11/27 17:04:21.927, 136.49 W, 100 %, 9727 MiB
2025/11/27 17:04:22.096, 136.49 W, 100 %, 9727 MiB
2025/11/27 17:04:22.266, 136.49 W, 100 %, 9727 MiB
2025/11/27 17:04:22.434, 136.09 W, 100 %, 9727 MiB
2025/11/27 17:04:22.604, 136.09 W, 100 %, 9727 MiB
2025/11/27 17:04:22.771, 136.09 W, 100 %, 9727 MiB
2025/11/27 17:04:22.940, 135.88 W, 100 %, 9727 MiB
2025/11/27 17:04:23.110, 135.88 W, 100 %, 9727 MiB
2025/11/27 17:04:23.280, 135.88 W, 100 %, 9727 MiB
2025/11/27 17:04:23.449, 135.70 W, 99 %, 9727 MiB
2025/11/27 17:04:23.619, 135.70 W, 99 %, 9727 MiB
2025/11/27 17:04:23.789, 136.00 W, 99 %, 9727 MiB
2025/11/27 17:04:23.973, 136.00 W, 99 %, 9727 MiB
2025/11/27 17:04:24.143, 136.00 W, 99 %, 9727 MiB
2025/11/27 17:04:24.313, 135.18 W, 99 %, 9727 MiB
2025/11/27 17:04:24.482, 135.18 W, 99 %, 9727 MiB
2025/11/27 17:04:24.652, 135.18 W, 99 %, 9727 MiB
2025/11/27 17:04:24.820, 134.47 W, 99 %, 9727 MiB
2025/11/27 17:04:24.989, 134.47 W, 99 %, 9727 MiB
2025/11/27 17:04:25.159, 134.47 W, 99 %, 9727 MiB
2025/11/27 17:04:25.328, 135.12 W, 100 %, 9727 MiB
2025/11/27 17:04:25.497, 135.12 W, 100 %, 9727 MiB
2025/11/27 17:04:25.665, 135.12 W, 100 %, 9727 MiB
2025/11/27 17:04:25.833, 135.59 W, 100 %, 9727 MiB
2025/11/27 17:04:26.002, 135.59 W, 100 %, 9727 MiB
2025/11/27 17:04:26.171, 135.59 W, 100 %, 9727 MiB
2025/11/27 17:04:26.338, 135.76 W, 100 %, 9727 MiB
2025/11/27 17:04:26.507, 135.76 W, 100 %, 9727 MiB
2025/11/27 17:04:26.677, 135.76 W, 100 %, 9727 MiB
2025/11/27 17:04:26.845, 135.89 W, 100 %, 9727 MiB
2025/11/27 17:04:27.016, 135.89 W, 100 %, 9727 MiB
2025/11/27 17:04:27.199, 135.89 W, 100 %, 9727 MiB
2025/11/27 17:04:27.368, 135.59 W, 100 %, 9727 MiB
2025/11/27 17:04:27.537, 135.59 W, 100 %, 9727 MiB
2025/11/27 17:04:27.707, 135.59 W, 100 %, 9727 MiB
2025/11/27 17:04:27.876, 134.98 W, 100 %, 9727 MiB
2025/11/27 17:04:28.046, 134.98 W, 100 %, 9727 MiB
2025/11/27 17:04:28.215, 134.98 W, 100 %, 9727 MiB
2025/11/27 17:04:28.385, 134.50 W, 98 %, 9727 MiB
2025/11/27 17:04:28.555, 134.50 W, 98 %, 9727 MiB
2025/11/27 17:04:28.724, 134.50 W, 98 %, 9727 MiB
2025/11/27 17:04:28.892, 134.15 W, 98 %, 9727 MiB
2025/11/27 17:04:29.061, 134.15 W, 98 %, 9727 MiB
2025/11/27 17:04:29.230, 134.15 W, 98 %, 9727 MiB
2025/11/27 17:04:29.414, 135.01 W, 100 %, 9727 MiB
2025/11/27 17:04:29.585, 135.01 W, 100 %, 9727 MiB
2025/11/27 17:04:29.752, 135.01 W, 100 %, 9727 MiB
2025/11/27 17:04:29.920, 136.06 W, 100 %, 9727 MiB
2025/11/27 17:04:30.089, 136.06 W, 100 %, 9727 MiB
2025/11/27 17:04:30.258, 136.06 W, 100 %, 9727 MiB
2025/11/27 17:04:30.427, 134.96 W, 97 %, 9727 MiB
2025/11/27 17:04:30.581, 134.96 W, 97 %, 9727 MiB
2025/11/27 17:04:30.750, 134.96 W, 97 %, 9727 MiB
2025/11/27 17:04:30.920, 136.54 W, 97 %, 9727 MiB
2025/11/27 17:04:31.090, 136.54 W, 97 %, 9727 MiB
2025/11/27 17:04:31.260, 136.54 W, 97 %, 9727 MiB
