task_idx,scenario,backend,backend_kind,model,model_kind,params_millions,params_millions_config,prompt,prompt_chars,gen_tokens_target,call_idx,sample_idx,is_warmup,warmup_idx,rep,mode,status,error,started_at_unix,prompt_tokens,prefill_ms,prefill_cuda_event_ms,kv_decode_ms,kv_decode_ms_equiv,kv_decode_ms_per_token,kv_decode_cuda_event_ms,gen_tokens,gen_tokens_equiv,ollama_wall_ms,ollama_total_duration_ms,ollama_load_ms,ollama_done_reason,params_millions_measured,latency_ms,cuda_event_ms,tokens_total,tokens_per_s,gpu_peak_mb,hf_load_ms
0,medium,ollama,ollama,qwen2.5:7b,ollama,7600.0,7600.0,Explain how backpressure works in an inference service and when to enable queueing.,83,128,0,0,True,0,,prefill,ok,,1766547110.0134625,46,24.138,,1465.2902,1465.2902,11.4475796875,,0,128,8666.22690000031,8661.6337,7041.157,length,7600.0,24.138,,46,1905.708840831883,,
0,medium,ollama,ollama,qwen2.5:7b,ollama,7600.0,7600.0,Explain how backpressure works in an inference service and when to enable queueing.,83,128,0,1,True,0,,kv_decode,ok,,1766547110.0134625,46,24.138,,1465.2902,1465.2902,11.4475796875,,128,128,8666.22690000031,8661.6337,7041.157,length,7600.0,1465.2902,,128,87.35470966775047,,
0,medium,ollama,ollama,qwen2.5:7b,ollama,7600.0,7600.0,Explain how backpressure works in an inference service and when to enable queueing.,83,128,0,2,True,0,,e2e_kv,ok,,1766547110.0134625,46,24.138,,1465.2902,1465.2902,11.4475796875,,128,128,8666.22690000031,8661.6337,7041.157,length,7600.0,1489.4281999999998,,174,116.82335543264188,,
0,medium,ollama,ollama,qwen2.5:7b,ollama,7600.0,7600.0,Explain how backpressure works in an inference service and when to enable queueing.,83,128,1,3,False,,0,prefill,ok,,1766547118.6798382,46,11.6939,,1441.99,1441.99,11.265546875,,0,128,1733.399400000053,1712.8496,132.8751,length,7600.0,11.6939,,46,3933.6748219157,,
0,medium,ollama,ollama,qwen2.5:7b,ollama,7600.0,7600.0,Explain how backpressure works in an inference service and when to enable queueing.,83,128,1,4,False,,0,kv_decode,ok,,1766547118.6798382,46,11.6939,,1441.99,1441.99,11.265546875,,128,128,1733.399400000053,1712.8496,132.8751,length,7600.0,1441.99,,128,88.76621890581765,,
0,medium,ollama,ollama,qwen2.5:7b,ollama,7600.0,7600.0,Explain how backpressure works in an inference service and when to enable queueing.,83,128,1,5,False,,0,e2e_kv,ok,,1766547118.6798382,46,11.6939,,1441.99,1441.99,11.265546875,,128,128,1733.399400000053,1712.8496,132.8751,length,7600.0,1453.6839,,174,119.69589812475739,,
0,medium,ollama,ollama,qwen2.5:7b,ollama,7600.0,7600.0,Explain how backpressure works in an inference service and when to enable queueing.,83,128,2,6,False,,1,prefill,ok,,1766547120.4133751,46,11.6463,,1450.6971,1450.6971,11.33357109375,,0,128,1749.003299999913,1726.8833,140.5127,length,7600.0,11.6463,,46,3949.7522818405846,,
0,medium,ollama,ollama,qwen2.5:7b,ollama,7600.0,7600.0,Explain how backpressure works in an inference service and when to enable queueing.,83,128,2,7,False,,1,kv_decode,ok,,1766547120.4133751,46,11.6463,,1450.6971,1450.6971,11.33357109375,,128,128,1749.003299999913,1726.8833,140.5127,length,7600.0,1450.6971,,128,88.23344308057139,,
0,medium,ollama,ollama,qwen2.5:7b,ollama,7600.0,7600.0,Explain how backpressure works in an inference service and when to enable queueing.,83,128,2,8,False,,1,e2e_kv,ok,,1766547120.4133751,46,11.6463,,1450.6971,1450.6971,11.33357109375,,128,128,1749.003299999913,1726.8833,140.5127,length,7600.0,1462.3434000000002,,174,118.9870997468857,,
0,medium,ollama,ollama,qwen2.5:7b,ollama,7600.0,7600.0,Explain how backpressure works in an inference service and when to enable queueing.,83,128,3,9,False,,2,prefill,ok,,1766547122.1628199,46,12.3395,,1459.4306,1459.4306,11.4018015625,,0,128,1746.1826000003384,1722.356,134.7166,length,7600.0,12.3395,,46,3727.865796831314,,
0,medium,ollama,ollama,qwen2.5:7b,ollama,7600.0,7600.0,Explain how backpressure works in an inference service and when to enable queueing.,83,128,3,10,False,,2,kv_decode,ok,,1766547122.1628199,46,12.3395,,1459.4306,1459.4306,11.4018015625,,128,128,1746.1826000003384,1722.356,134.7166,length,7600.0,1459.4306,,128,87.70543799753138,,
0,medium,ollama,ollama,qwen2.5:7b,ollama,7600.0,7600.0,Explain how backpressure works in an inference service and when to enable queueing.,83,128,3,11,False,,2,e2e_kv,ok,,1766547122.1628199,46,12.3395,,1459.4306,1459.4306,11.4018015625,,128,128,1746.1826000003384,1722.356,134.7166,length,7600.0,1471.7701,,174,118.22498636166071,,
1,micro,ollama,ollama,qwen2.5:7b,ollama,7600.0,7600.0,Hello,5,128,4,12,True,0,,prefill,ok,,1766547123.9091685,30,66.9239,,320.3287,1413.8646068965518,11.04581724137931,,0,128,569.0826000000015,541.7228,122.5168,stop,7600.0,66.9239,,30,448.2703488589278,,
1,micro,ollama,ollama,qwen2.5:7b,ollama,7600.0,7600.0,Hello,5,128,4,13,True,0,,kv_decode,ok,,1766547123.9091685,30,66.9239,,320.3287,1413.8646068965518,11.04581724137931,,128,128,569.0826000000015,541.7228,122.5168,stop,7600.0,1413.8646068965518,,128,90.53200665441467,,
1,micro,ollama,ollama,qwen2.5:7b,ollama,7600.0,7600.0,Hello,5,128,4,14,True,0,,e2e_kv,ok,,1766547123.9091685,30,66.9239,,320.3287,1413.8646068965518,11.04581724137931,,128,128,569.0826000000015,541.7228,122.5168,stop,7600.0,1480.7885068965518,,158,106.69990971981383,,
1,micro,ollama,ollama,qwen2.5:7b,ollama,7600.0,7600.0,Hello,5,128,5,15,False,,0,prefill,ok,,1766547124.478389,30,11.5811,,323.411,1427.4692413793105,11.152103448275863,,0,128,510.60629999983576,494.3613,131.7589,stop,7600.0,11.5811,,30,2590.4275068862203,,
1,micro,ollama,ollama,qwen2.5:7b,ollama,7600.0,7600.0,Hello,5,128,5,16,False,,0,kv_decode,ok,,1766547124.478389,30,11.5811,,323.411,1427.4692413793105,11.152103448275863,,128,128,510.60629999983576,494.3613,131.7589,stop,7600.0,1427.4692413793105,,128,89.66918255717955,,
1,micro,ollama,ollama,qwen2.5:7b,ollama,7600.0,7600.0,Hello,5,128,5,17,False,,0,e2e_kv,ok,,1766547124.478389,30,11.5811,,323.411,1427.4692413793105,11.152103448275863,,128,128,510.60629999983576,494.3613,131.7589,stop,7600.0,1439.0503413793106,,158,109.79463015071391,,
1,micro,ollama,ollama,qwen2.5:7b,ollama,7600.0,7600.0,Hello,5,128,6,18,False,,1,prefill,ok,,1766547124.9892213,30,12.0088,,319.1329,1408.5865931034482,11.004582758620689,,0,128,505.5537000002914,489.681,128.8568,stop,7600.0,12.0088,,30,2498.1680101259076,,
1,micro,ollama,ollama,qwen2.5:7b,ollama,7600.0,7600.0,Hello,5,128,6,19,False,,1,kv_decode,ok,,1766547124.9892213,30,12.0088,,319.1329,1408.5865931034482,11.004582758620689,,128,128,505.5537000002914,489.681,128.8568,stop,7600.0,1408.5865931034482,,128,90.87123264320289,,
1,micro,ollama,ollama,qwen2.5:7b,ollama,7600.0,7600.0,Hello,5,128,6,20,False,,1,e2e_kv,ok,,1766547124.9892213,30,12.0088,,319.1329,1408.5865931034482,11.004582758620689,,128,128,505.5537000002914,489.681,128.8568,stop,7600.0,1420.5953931034483,,158,111.22097169049061,,
1,micro,ollama,ollama,qwen2.5:7b,ollama,7600.0,7600.0,Hello,5,128,7,21,False,,2,prefill,ok,,1766547125.4949028,30,11.8725,,316.3482,1396.295503448276,10.908558620689655,,0,128,504.17430000015884,482.3399,123.9561,stop,7600.0,11.8725,,30,2526.847757422615,,
1,micro,ollama,ollama,qwen2.5:7b,ollama,7600.0,7600.0,Hello,5,128,7,22,False,,2,kv_decode,ok,,1766547125.4949028,30,11.8725,,316.3482,1396.295503448276,10.908558620689655,,128,128,504.17430000015884,482.3399,123.9561,stop,7600.0,1396.295503448276,,128,91.67113958606372,,
1,micro,ollama,ollama,qwen2.5:7b,ollama,7600.0,7600.0,Hello,5,128,7,23,False,,2,e2e_kv,ok,,1766547125.4949028,30,11.8725,,316.3482,1396.295503448276,10.908558620689655,,128,128,504.17430000015884,482.3399,123.9561,stop,7600.0,1408.1680034482758,,158,112.20252101531548,,
2,medium,hf_cpu_fp32,hf,models/gpt2-25m,hf,25.016,25.016,Explain how backpressure works in an inference service and when to enable queueing.,83,128,8,24,True,0,,prefill,ok,,1766547125.999234,17,45.29520000005505,,1774.2134999998598,,,,0,,,,,,25.016064,45.29520000005505,,17,375.3157067410971,,9884.024699999827
2,medium,hf_cpu_fp32,hf,models/gpt2-25m,hf,25.016,25.016,Explain how backpressure works in an inference service and when to enable queueing.,83,128,8,25,True,0,,kv_decode,ok,,1766547125.999234,17,45.29520000005505,,1774.2134999998598,,,,128,,,,,,25.016064,1774.2134999998598,,128,72.14464324615392,,9884.024699999827
2,medium,hf_cpu_fp32,hf,models/gpt2-25m,hf,25.016,25.016,Explain how backpressure works in an inference service and when to enable queueing.,83,128,8,26,True,0,,e2e_kv,ok,,1766547125.999234,17,45.29520000005505,,1774.2134999998598,,,,128,,,,,,25.016064,1819.5086999999148,,145,79.69184208902479,,9884.024699999827
2,medium,hf_cpu_fp32,hf,models/gpt2-25m,hf,25.016,25.016,Explain how backpressure works in an inference service and when to enable queueing.,83,128,9,27,False,,0,prefill,ok,,1766547137.706103,17,10.359799999605457,,1426.6302000000906,,,,0,,,,,,25.016064,10.359799999605457,,17,1640.958319721175,,
2,medium,hf_cpu_fp32,hf,models/gpt2-25m,hf,25.016,25.016,Explain how backpressure works in an inference service and when to enable queueing.,83,128,9,28,False,,0,kv_decode,ok,,1766547137.706103,17,10.359799999605457,,1426.6302000000906,,,,128,,,,,,25.016064,1426.6302000000906,,128,89.72191952756354,,
2,medium,hf_cpu_fp32,hf,models/gpt2-25m,hf,25.016,25.016,Explain how backpressure works in an inference service and when to enable queueing.,83,128,9,29,False,,0,e2e_kv,ok,,1766547137.706103,17,10.359799999605457,,1426.6302000000906,,,,128,,,,,,25.016064,1436.989999999696,,145,100.9053646859273,,
2,medium,hf_cpu_fp32,hf,models/gpt2-25m,hf,25.016,25.016,Explain how backpressure works in an inference service and when to enable queueing.,83,128,10,30,False,,1,prefill,ok,,1766547139.143801,17,11.238099999900442,,1616.0611999998764,,,,0,,,,,,25.016064,11.238099999900442,,17,1512.711223440849,,
2,medium,hf_cpu_fp32,hf,models/gpt2-25m,hf,25.016,25.016,Explain how backpressure works in an inference service and when to enable queueing.,83,128,10,31,False,,1,kv_decode,ok,,1766547139.143801,17,11.238099999900442,,1616.0611999998764,,,,128,,,,,,25.016064,1616.0611999998764,,128,79.2049211997725,,
2,medium,hf_cpu_fp32,hf,models/gpt2-25m,hf,25.016,25.016,Explain how backpressure works in an inference service and when to enable queueing.,83,128,10,32,False,,1,e2e_kv,ok,,1766547139.143801,17,11.238099999900442,,1616.0611999998764,,,,128,,,,,,25.016064,1627.2992999997768,,145,89.10469020666321,,
2,medium,hf_cpu_fp32,hf,models/gpt2-25m,hf,25.016,25.016,Explain how backpressure works in an inference service and when to enable queueing.,83,128,11,33,False,,2,prefill,ok,,1766547140.7716944,17,19.291099999918515,,1738.157300000239,,,,0,,,,,,25.016064,19.291099999918515,,17,881.235388343423,,
2,medium,hf_cpu_fp32,hf,models/gpt2-25m,hf,25.016,25.016,Explain how backpressure works in an inference service and when to enable queueing.,83,128,11,34,False,,2,kv_decode,ok,,1766547140.7716944,17,19.291099999918515,,1738.157300000239,,,,128,,,,,,25.016064,1738.157300000239,,128,73.64120612097788,,
2,medium,hf_cpu_fp32,hf,models/gpt2-25m,hf,25.016,25.016,Explain how backpressure works in an inference service and when to enable queueing.,83,128,11,35,False,,2,e2e_kv,ok,,1766547140.7716944,17,19.291099999918515,,1738.157300000239,,,,128,,,,,,25.016064,1757.4484000001576,,145,82.50597855390065,,
3,micro,ollama,ollama,gemma3:270m,ollama,268.1,268.1,Hello,5,128,12,36,True,0,,prefill,ok,,1766547142.5300088,10,9.021,,22.7682,264.93905454545455,2.0698363636363637,,0,128,1639.6813999999722,1563.9347,1495.3749,stop,268.1,9.021,,10,1108.524553818867,,
3,micro,ollama,ollama,gemma3:270m,ollama,268.1,268.1,Hello,5,128,12,37,True,0,,kv_decode,ok,,1766547142.5300088,10,9.021,,22.7682,264.93905454545455,2.0698363636363637,,128,128,1639.6813999999722,1563.9347,1495.3749,stop,268.1,264.93905454545455,,128,483.1299795328572,,
3,micro,ollama,ollama,gemma3:270m,ollama,268.1,268.1,Hello,5,128,12,38,True,0,,e2e_kv,ok,,1766547142.5300088,10,9.021,,22.7682,264.93905454545455,2.0698363636363637,,128,128,1639.6813999999722,1563.9347,1495.3749,stop,268.1,273.96005454545457,,138,503.72307097458065,,
3,micro,ollama,ollama,gemma3:270m,ollama,268.1,268.1,Hello,5,128,13,39,False,,0,prefill,ok,,1766547144.1698384,10,2.9535,,19.5728,227.75621818181818,1.7793454545454546,,0,128,224.05369999978575,192.031,153.9458,stop,268.1,2.9535,,10,3385.8134416793637,,
3,micro,ollama,ollama,gemma3:270m,ollama,268.1,268.1,Hello,5,128,13,40,False,,0,kv_decode,ok,,1766547144.1698384,10,2.9535,,19.5728,227.75621818181818,1.7793454545454546,,128,128,224.05369999978575,192.031,153.9458,stop,268.1,227.75621818181818,,128,562.0044142892177,,
3,micro,ollama,ollama,gemma3:270m,ollama,268.1,268.1,Hello,5,128,13,41,False,,0,e2e_kv,ok,,1766547144.1698384,10,2.9535,,19.5728,227.75621818181818,1.7793454545454546,,128,128,224.05369999978575,192.031,153.9458,stop,268.1,230.70971818181818,,138,598.1542567324567,,
3,micro,ollama,ollama,gemma3:270m,ollama,268.1,268.1,Hello,5,128,14,42,False,,1,prefill,ok,,1766547144.3940334,10,2.1569,,21.1165,245.7192727272727,1.919681818181818,,0,128,193.7606000001324,184.4511,149.8162,stop,268.1,2.1569,,10,4636.283555102231,,
3,micro,ollama,ollama,gemma3:270m,ollama,268.1,268.1,Hello,5,128,14,43,False,,1,kv_decode,ok,,1766547144.3940334,10,2.1569,,21.1165,245.7192727272727,1.919681818181818,,128,128,193.7606000001324,184.4511,149.8162,stop,268.1,245.7192727272727,,128,520.919659981531,,
3,micro,ollama,ollama,gemma3:270m,ollama,268.1,268.1,Hello,5,128,14,44,False,,1,e2e_kv,ok,,1766547144.3940334,10,2.1569,,21.1165,245.7192727272727,1.919681818181818,,128,128,193.7606000001324,184.4511,149.8162,stop,268.1,247.87617272727272,,138,556.7295899466519,,
3,micro,ollama,ollama,gemma3:270m,ollama,268.1,268.1,Hello,5,128,15,45,False,,2,prefill,ok,,1766547144.5880194,10,2.7569,,21.6513,251.9424,1.9683,,0,128,212.17250000017884,185.5392,146.4889,stop,268.1,2.7569,,10,3627.262504987486,,
3,micro,ollama,ollama,gemma3:270m,ollama,268.1,268.1,Hello,5,128,15,46,False,,2,kv_decode,ok,,1766547144.5880194,10,2.7569,,21.6513,251.9424,1.9683,,128,128,212.17250000017884,185.5392,146.4889,stop,268.1,251.9424,,128,508.0526342529086,,
3,micro,ollama,ollama,gemma3:270m,ollama,268.1,268.1,Hello,5,128,15,47,False,,2,e2e_kv,ok,,1766547144.5880194,10,2.7569,,21.6513,251.9424,1.9683,,128,128,212.17250000017884,185.5392,146.4889,stop,268.1,254.6993,,138,541.8153877925852,,
4,short,hf_cpu_fp32,hf,models/gpt2-100m,hf,96.088,96.088,Summarize RLHF in one sentence.,31,128,16,48,True,0,,prefill,ok,,1766547144.800293,9,187.44859999969776,,3608.372700000018,,,,0,,,,,,96.08832,187.44859999969776,,9,48.01316200822258,,156.20149999995192
4,short,hf_cpu_fp32,hf,models/gpt2-100m,hf,96.088,96.088,Summarize RLHF in one sentence.,31,128,16,49,True,0,,kv_decode,ok,,1766547144.800293,9,187.44859999969776,,3608.372700000018,,,,128,,,,,,96.08832,3608.372700000018,,128,35.47305409998234,,156.20149999995192
4,short,hf_cpu_fp32,hf,models/gpt2-100m,hf,96.088,96.088,Summarize RLHF in one sentence.,31,128,16,50,True,0,,e2e_kv,ok,,1766547144.800293,9,187.44859999969776,,3608.372700000018,,,,128,,,,,,96.08832,3795.821299999716,,137,36.09232078444005,,156.20149999995192
4,short,hf_cpu_fp32,hf,models/gpt2-100m,hf,96.088,96.088,Summarize RLHF in one sentence.,31,128,17,51,False,,0,prefill,ok,,1766547148.7535279,9,56.01249999972424,,4721.8612000001485,,,,0,,,,,,96.08832,56.01249999972424,,9,160.67841999632776,,
4,short,hf_cpu_fp32,hf,models/gpt2-100m,hf,96.088,96.088,Summarize RLHF in one sentence.,31,128,17,52,False,,0,kv_decode,ok,,1766547148.7535279,9,56.01249999972424,,4721.8612000001485,,,,128,,,,,,96.08832,4721.8612000001485,,128,27.107954803922652,,
4,short,hf_cpu_fp32,hf,models/gpt2-100m,hf,96.088,96.088,Summarize RLHF in one sentence.,31,128,17,53,False,,0,e2e_kv,ok,,1766547148.7535279,9,56.01249999972424,,4721.8612000001485,,,,128,,,,,,96.08832,4777.873699999873,,137,28.673842927242646,,
4,short,hf_cpu_fp32,hf,models/gpt2-100m,hf,96.088,96.088,Summarize RLHF in one sentence.,31,128,18,54,False,,1,prefill,ok,,1766547153.5320644,9,46.63889999983439,,4489.061199999924,,,,0,,,,,,96.08832,46.63889999983439,,9,192.97196117472663,,
4,short,hf_cpu_fp32,hf,models/gpt2-100m,hf,96.088,96.088,Summarize RLHF in one sentence.,31,128,18,55,False,,1,kv_decode,ok,,1766547153.5320644,9,46.63889999983439,,4489.061199999924,,,,128,,,,,,96.08832,4489.061199999924,,128,28.513756952122232,,
4,short,hf_cpu_fp32,hf,models/gpt2-100m,hf,96.088,96.088,Summarize RLHF in one sentence.,31,128,18,56,False,,1,e2e_kv,ok,,1766547153.5320644,9,46.63889999983439,,4489.061199999924,,,,128,,,,,,96.08832,4535.700099999758,,137,30.204818876805216,,
4,short,hf_cpu_fp32,hf,models/gpt2-100m,hf,96.088,96.088,Summarize RLHF in one sentence.,31,128,19,57,False,,2,prefill,ok,,1766547158.0684624,9,61.987000000044645,,4630.47669999969,,,,0,,,,,,96.08832,61.987000000044645,,9,145.19173375052057,,
4,short,hf_cpu_fp32,hf,models/gpt2-100m,hf,96.088,96.088,Summarize RLHF in one sentence.,31,128,19,58,False,,2,kv_decode,ok,,1766547158.0684624,9,61.987000000044645,,4630.47669999969,,,,128,,,,,,96.08832,4630.47669999969,,128,27.642942248258926,,
4,short,hf_cpu_fp32,hf,models/gpt2-100m,hf,96.088,96.088,Summarize RLHF in one sentence.,31,128,19,59,False,,2,e2e_kv,ok,,1766547158.0684624,9,61.987000000044645,,4630.47669999969,,,,128,,,,,,96.08832,4692.463699999735,,137,29.195750624561622,,
5,short,ollama,ollama,gpt-oss-20b:latest,ollama,20900.0,20900.0,Summarize RLHF in one sentence.,31,128,20,60,True,0,,prefill,ok,,1766547162.7615848,92,856.988,,6229.0241,6229.0241,48.66425078125,,0,128,17742.349600000125,17627.1399,10442.087,length,20900.0,856.988,,92,107.35272839292965,,
5,short,ollama,ollama,gpt-oss-20b:latest,ollama,20900.0,20900.0,Summarize RLHF in one sentence.,31,128,20,61,True,0,,kv_decode,ok,,1766547162.7615848,92,856.988,,6229.0241,6229.0241,48.66425078125,,128,128,17742.349600000125,17627.1399,10442.087,length,20900.0,6229.0241,,128,20.548965286552676,,
5,short,ollama,ollama,gpt-oss-20b:latest,ollama,20900.0,20900.0,Summarize RLHF in one sentence.,31,128,20,62,True,0,,e2e_kv,ok,,1766547162.7615848,92,856.988,,6229.0241,6229.0241,48.66425078125,,128,128,17742.349600000125,17627.1399,10442.087,length,20900.0,7086.0121,,220,31.047082180398764,,
5,short,ollama,ollama,gpt-oss-20b:latest,ollama,20900.0,20900.0,Summarize RLHF in one sentence.,31,128,21,63,False,,0,prefill,ok,,1766547180.504123,92,64.8048,,7367.4756,7367.4756,57.558403125,,0,128,7712.174599999798,7695.6511,235.8037,length,20900.0,64.8048,,92,1419.6479273140262,,
5,short,ollama,ollama,gpt-oss-20b:latest,ollama,20900.0,20900.0,Summarize RLHF in one sentence.,31,128,21,64,False,,0,kv_decode,ok,,1766547180.504123,92,64.8048,,7367.4756,7367.4756,57.558403125,,128,128,7712.174599999798,7695.6511,235.8037,length,20900.0,7367.4756,,128,17.37365781028172,,
5,short,ollama,ollama,gpt-oss-20b:latest,ollama,20900.0,20900.0,Summarize RLHF in one sentence.,31,128,21,65,False,,0,e2e_kv,ok,,1766547180.504123,92,64.8048,,7367.4756,7367.4756,57.558403125,,128,128,7712.174599999798,7695.6511,235.8037,length,20900.0,7432.2804,,220,29.60060548845816,,
5,short,ollama,ollama,gpt-oss-20b:latest,ollama,20900.0,20900.0,Summarize RLHF in one sentence.,31,128,22,66,False,,1,prefill,ok,,1766547188.217183,92,61.8003,,7247.6429,7247.6429,56.62221015625,,0,128,7589.821100000336,7573.2015,252.1271,length,20900.0,61.8003,,92,1488.6659126250195,,
5,short,ollama,ollama,gpt-oss-20b:latest,ollama,20900.0,20900.0,Summarize RLHF in one sentence.,31,128,22,67,False,,1,kv_decode,ok,,1766547188.217183,92,61.8003,,7247.6429,7247.6429,56.62221015625,,128,128,7589.821100000336,7573.2015,252.1271,length,20900.0,7247.6429,,128,17.66091428152455,,
5,short,ollama,ollama,gpt-oss-20b:latest,ollama,20900.0,20900.0,Summarize RLHF in one sentence.,31,128,22,68,False,,1,e2e_kv,ok,,1766547188.217183,92,61.8003,,7247.6429,7247.6429,56.62221015625,,128,128,7589.821100000336,7573.2015,252.1271,length,20900.0,7309.4432,,220,30.098051791414154,,
5,short,ollama,ollama,gpt-oss-20b:latest,ollama,20900.0,20900.0,Summarize RLHF in one sentence.,31,128,23,69,False,,2,prefill,ok,,1766547195.8071654,92,63.7591,,7271.2806,7271.2806,56.8068796875,,0,128,7602.577200000269,7582.6121,230.5038,length,20900.0,63.7591,,92,1442.9312835344288,,
5,short,ollama,ollama,gpt-oss-20b:latest,ollama,20900.0,20900.0,Summarize RLHF in one sentence.,31,128,23,70,False,,2,kv_decode,ok,,1766547195.8071654,92,63.7591,,7271.2806,7271.2806,56.8068796875,,128,128,7602.577200000269,7582.6121,230.5038,length,20900.0,7271.2806,,128,17.603501644538376,,
5,short,ollama,ollama,gpt-oss-20b:latest,ollama,20900.0,20900.0,Summarize RLHF in one sentence.,31,128,23,71,False,,2,e2e_kv,ok,,1766547195.8071654,92,63.7591,,7271.2806,7271.2806,56.8068796875,,128,128,7602.577200000269,7582.6121,230.5038,length,20900.0,7335.0397,,220,29.993021033001362,,
6,medium,hf_gpu_fp16,hf,models/gpt2-25m,hf,25.016,25.016,Explain how backpressure works in an inference service and when to enable queueing.,83,128,24,72,True,0,,prefill,ok,,1766547203.409899,17,774.0489999996498,640.8386840820312,659.044399999857,,,658.9378662109375,0,,,,,,25.016064,774.0489999996498,640.8386840820312,17,21.9624339027732,62.28857421875,490.26290000028894
6,medium,hf_gpu_fp16,hf,models/gpt2-25m,hf,25.016,25.016,Explain how backpressure works in an inference service and when to enable queueing.,83,128,24,73,True,0,,kv_decode,ok,,1766547203.409899,17,774.0489999996498,640.8386840820312,659.044399999857,,,658.9378662109375,128,,,,,,25.016064,659.044399999857,658.9378662109375,128,194.22060182899327,62.28857421875,490.26290000028894
6,medium,hf_gpu_fp16,hf,models/gpt2-25m,hf,25.016,25.016,Explain how backpressure works in an inference service and when to enable queueing.,83,128,24,74,True,0,,e2e_kv,ok,,1766547203.409899,17,774.0489999996498,640.8386840820312,659.044399999857,,,658.9378662109375,128,,,,,,25.016064,1433.0933999995068,1299.7765502929688,145,101.1797277135251,62.28857421875,490.26290000028894
6,medium,hf_gpu_fp16,hf,models/gpt2-25m,hf,25.016,25.016,Explain how backpressure works in an inference service and when to enable queueing.,83,128,25,75,False,,0,prefill,ok,,1766547205.339027,17,3.8299999996525003,3.744767904281616,452.8430999998818,,,452.6703186035156,0,,,,,,25.016064,3.8299999996525003,3.744767904281616,17,4438.642298052853,62.28857421875,
6,medium,hf_gpu_fp16,hf,models/gpt2-25m,hf,25.016,25.016,Explain how backpressure works in an inference service and when to enable queueing.,83,128,25,76,False,,0,kv_decode,ok,,1766547205.339027,17,3.8299999996525003,3.744767904281616,452.8430999998818,,,452.6703186035156,128,,,,,,25.016064,452.8430999998818,452.6703186035156,128,282.658607363198,62.28857421875,
6,medium,hf_gpu_fp16,hf,models/gpt2-25m,hf,25.016,25.016,Explain how backpressure works in an inference service and when to enable queueing.,83,128,25,77,False,,0,e2e_kv,ok,,1766547205.339027,17,3.8299999996525003,3.744767904281616,452.8430999998818,,,452.6703186035156,128,,,,,,25.016064,456.6730999995343,456.41508650779724,145,317.5137751712283,62.28857421875,
6,medium,hf_gpu_fp16,hf,models/gpt2-25m,hf,25.016,25.016,Explain how backpressure works in an inference service and when to enable queueing.,83,128,26,78,False,,1,prefill,ok,,1766547205.796462,17,5.102000000078988,4.997119903564453,461.89300000014555,,,461.7869873046875,0,,,,,,25.016064,5.102000000078988,4.997119903564453,17,3332.026656161664,62.28857421875,
6,medium,hf_gpu_fp16,hf,models/gpt2-25m,hf,25.016,25.016,Explain how backpressure works in an inference service and when to enable queueing.,83,128,26,79,False,,1,kv_decode,ok,,1766547205.796462,17,5.102000000078988,4.997119903564453,461.89300000014555,,,461.7869873046875,128,,,,,,25.016064,461.89300000014555,461.7869873046875,128,277.1204586342717,62.28857421875,
6,medium,hf_gpu_fp16,hf,models/gpt2-25m,hf,25.016,25.016,Explain how backpressure works in an inference service and when to enable queueing.,83,128,26,80,False,,1,e2e_kv,ok,,1766547205.796462,17,5.102000000078988,4.997119903564453,461.89300000014555,,,461.7869873046875,128,,,,,,25.016064,466.99500000022454,466.78410720825195,145,310.495829719655,62.28857421875,
6,medium,hf_gpu_fp16,hf,models/gpt2-25m,hf,25.016,25.016,Explain how backpressure works in an inference service and when to enable queueing.,83,128,27,81,False,,2,prefill,ok,,1766547206.2642872,17,4.455699999653007,4.366335868835449,404.7238000002835,,,404.66534423828125,0,,,,,,25.016064,4.455699999653007,4.366335868835449,17,3815.3376576798028,62.28857421875,
6,medium,hf_gpu_fp16,hf,models/gpt2-25m,hf,25.016,25.016,Explain how backpressure works in an inference service and when to enable queueing.,83,128,27,82,False,,2,kv_decode,ok,,1766547206.2642872,17,4.455699999653007,4.366335868835449,404.7238000002835,,,404.66534423828125,128,,,,,,25.016064,404.7238000002835,404.66534423828125,128,316.2650676829738,62.28857421875,
6,medium,hf_gpu_fp16,hf,models/gpt2-25m,hf,25.016,25.016,Explain how backpressure works in an inference service and when to enable queueing.,83,128,27,83,False,,2,e2e_kv,ok,,1766547206.2642872,17,4.455699999653007,4.366335868835449,404.7238000002835,,,404.66534423828125,128,,,,,,25.016064,409.1794999999365,409.0316801071167,145,354.3677041494564,62.28857421875,
7,medium,ollama,ollama,gemma3:270m,ollama,268.1,268.1,Explain how backpressure works in an inference service and when to enable queueing.,83,128,28,84,True,0,,prefill,ok,,1766547206.6743658,25,7.5637,,276.3691,276.3691,2.15913359375,,0,128,2859.754800000246,2770.1723,2388.06,length,268.1,7.5637,,25,3305.260652855084,,
7,medium,ollama,ollama,gemma3:270m,ollama,268.1,268.1,Explain how backpressure works in an inference service and when to enable queueing.,83,128,28,85,True,0,,kv_decode,ok,,1766547206.6743658,25,7.5637,,276.3691,276.3691,2.15913359375,,128,128,2859.754800000246,2770.1723,2388.06,length,268.1,276.3691,,128,463.14873840816506,,
7,medium,ollama,ollama,gemma3:270m,ollama,268.1,268.1,Explain how backpressure works in an inference service and when to enable queueing.,83,128,28,86,True,0,,e2e_kv,ok,,1766547206.6743658,25,7.5637,,276.3691,276.3691,2.15913359375,,128,128,2859.754800000246,2770.1723,2388.06,length,268.1,283.9328,,153,538.8598992437647,,
7,medium,ollama,ollama,gemma3:270m,ollama,268.1,268.1,Explain how backpressure works in an inference service and when to enable queueing.,83,128,29,87,False,,0,prefill,ok,,1766547209.5342643,25,2.3584,,276.7722,276.7722,2.1622828125,,0,128,545.9200999998757,491.5698,147.4105,length,268.1,2.3584,,25,10600.407055630936,,
7,medium,ollama,ollama,gemma3:270m,ollama,268.1,268.1,Explain how backpressure works in an inference service and when to enable queueing.,83,128,29,88,False,,0,kv_decode,ok,,1766547209.5342643,25,2.3584,,276.7722,276.7722,2.1622828125,,128,128,545.9200999998757,491.5698,147.4105,length,268.1,276.7722,,128,462.4741935786903,,
7,medium,ollama,ollama,gemma3:270m,ollama,268.1,268.1,Explain how backpressure works in an inference service and when to enable queueing.,83,128,29,89,False,,0,e2e_kv,ok,,1766547209.5342643,25,2.3584,,276.7722,276.7722,2.1622828125,,128,128,545.9200999998757,491.5698,147.4105,length,268.1,279.1306,,153,548.1305166828718,,
7,medium,ollama,ollama,gemma3:270m,ollama,268.1,268.1,Explain how backpressure works in an inference service and when to enable queueing.,83,128,30,90,False,,1,prefill,ok,,1766547210.0803332,25,2.4896,,271.7877,271.7877,2.12334140625,,0,128,533.7515999999596,492.6625,148.3938,length,268.1,2.4896,,25,10041.77377892031,,
7,medium,ollama,ollama,gemma3:270m,ollama,268.1,268.1,Explain how backpressure works in an inference service and when to enable queueing.,83,128,30,91,False,,1,kv_decode,ok,,1766547210.0803332,25,2.4896,,271.7877,271.7877,2.12334140625,,128,128,533.7515999999596,492.6625,148.3938,length,268.1,271.7877,,128,470.95582323997746,,
7,medium,ollama,ollama,gemma3:270m,ollama,268.1,268.1,Explain how backpressure works in an inference service and when to enable queueing.,83,128,30,92,False,,1,e2e_kv,ok,,1766547210.0803332,25,2.4896,,271.7877,271.7877,2.12334140625,,128,128,533.7515999999596,492.6625,148.3938,length,268.1,274.27729999999997,,153,557.8296125855112,,
7,medium,ollama,ollama,gemma3:270m,ollama,268.1,268.1,Explain how backpressure works in an inference service and when to enable queueing.,83,128,31,93,False,,2,prefill,ok,,1766547210.614211,25,2.5807,,267.8538,267.8538,2.0926078125,,0,128,570.9750999999414,510.3479,155.2727,length,268.1,2.5807,,25,9687.29414499942,,
7,medium,ollama,ollama,gemma3:270m,ollama,268.1,268.1,Explain how backpressure works in an inference service and when to enable queueing.,83,128,31,94,False,,2,kv_decode,ok,,1766547210.614211,25,2.5807,,267.8538,267.8538,2.0926078125,,128,128,570.9750999999414,510.3479,155.2727,length,268.1,267.8538,,128,477.87263051709556,,
7,medium,ollama,ollama,gemma3:270m,ollama,268.1,268.1,Explain how backpressure works in an inference service and when to enable queueing.,83,128,31,95,False,,2,e2e_kv,ok,,1766547210.614211,25,2.5807,,267.8538,267.8538,2.0926078125,,128,128,570.9750999999414,510.3479,155.2727,length,268.1,270.43449999999996,,153,565.7562182339902,,
8,micro,ollama,ollama,gpt-oss-20b:latest,ollama,20900.0,20900.0,Hello,5,128,32,96,True,0,,prefill,ok,,1766547211.1853125,84,936.82,,1923.0495,6003.666731707317,46.903646341463414,,0,128,13266.502800000126,13122.3555,10173.2379,stop,20900.0,936.82,,84,89.66503704019982,,
8,micro,ollama,ollama,gpt-oss-20b:latest,ollama,20900.0,20900.0,Hello,5,128,32,97,True,0,,kv_decode,ok,,1766547211.1853125,84,936.82,,1923.0495,6003.666731707317,46.903646341463414,,128,128,13266.502800000126,13122.3555,10173.2379,stop,20900.0,6003.666731707317,,128,21.320304027535432,,
8,micro,ollama,ollama,gpt-oss-20b:latest,ollama,20900.0,20900.0,Hello,5,128,32,98,True,0,,e2e_kv,ok,,1766547211.1853125,84,936.82,,1923.0495,6003.666731707317,46.903646341463414,,128,128,13266.502800000126,13122.3555,10173.2379,stop,20900.0,6940.486731707317,,212,30.545408152930698,,
8,micro,ollama,ollama,gpt-oss-20b:latest,ollama,20900.0,20900.0,Hello,5,128,33,99,False,,0,prefill,ok,,1766547224.451947,84,60.0461,,2139.1136,6678.208312195123,52.173502439024396,,0,128,2495.358699999997,2469.1116,255.4065,stop,20900.0,60.0461,,84,1398.9251591693715,,
8,micro,ollama,ollama,gpt-oss-20b:latest,ollama,20900.0,20900.0,Hello,5,128,33,100,False,,0,kv_decode,ok,,1766547224.451947,84,60.0461,,2139.1136,6678.208312195123,52.173502439024396,,128,128,2495.358699999997,2469.1116,255.4065,stop,20900.0,6678.208312195123,,128,19.166817507962175,,
8,micro,ollama,ollama,gpt-oss-20b:latest,ollama,20900.0,20900.0,Hello,5,128,33,101,False,,0,e2e_kv,ok,,1766547224.451947,84,60.0461,,2139.1136,6678.208312195123,52.173502439024396,,128,128,2495.358699999997,2469.1116,255.4065,stop,20900.0,6738.254412195122,,212,31.462154295675628,,
8,micro,ollama,ollama,gpt-oss-20b:latest,ollama,20900.0,20900.0,Hello,5,128,34,102,False,,1,prefill,ok,,1766547226.9479992,84,61.2343,,2389.3693,7459.4944,58.2773,,0,128,2753.072699999848,2749.6436,284.4227,stop,20900.0,61.2343,,84,1371.7801950867406,,
8,micro,ollama,ollama,gpt-oss-20b:latest,ollama,20900.0,20900.0,Hello,5,128,34,103,False,,1,kv_decode,ok,,1766547226.9479992,84,61.2343,,2389.3693,7459.4944,58.2773,,128,128,2753.072699999848,2749.6436,284.4227,stop,20900.0,7459.4944,,128,17.15933991451217,,
8,micro,ollama,ollama,gpt-oss-20b:latest,ollama,20900.0,20900.0,Hello,5,128,34,104,False,,1,e2e_kv,ok,,1766547226.9479992,84,61.2343,,2389.3693,7459.4944,58.2773,,128,128,2753.072699999848,2749.6436,284.4227,stop,20900.0,7520.7287,,212,28.18875782608672,,
8,micro,ollama,ollama,gpt-oss-20b:latest,ollama,20900.0,20900.0,Hello,5,128,35,105,False,,2,prefill,ok,,1766547229.7012184,84,69.6472,,2459.884,7679.637853658536,59.997170731707314,,0,128,2827.036600000156,2807.2611,255.1386,stop,20900.0,69.6472,,84,1206.0786363270886,,
8,micro,ollama,ollama,gpt-oss-20b:latest,ollama,20900.0,20900.0,Hello,5,128,35,106,False,,2,kv_decode,ok,,1766547229.7012184,84,69.6472,,2459.884,7679.637853658536,59.997170731707314,,128,128,2827.036600000156,2807.2611,255.1386,stop,20900.0,7679.637853658536,,128,16.66745261158656,,
8,micro,ollama,ollama,gpt-oss-20b:latest,ollama,20900.0,20900.0,Hello,5,128,35,107,False,,2,e2e_kv,ok,,1766547229.7012184,84,69.6472,,2459.884,7679.637853658536,59.997170731707314,,128,128,2827.036600000156,2807.2611,255.1386,stop,20900.0,7749.2850536585365,,212,27.35736245757434,,
9,short,ollama,ollama,qwen2.5:7b,ollama,7600.0,7600.0,Summarize RLHF in one sentence.,31,128,36,108,True,0,,prefill,ok,,1766547232.5284007,38,23.5938,,389.669,1425.0752,11.1334,,0,128,6203.152300000056,6199.3633,5746.2702,stop,7600.0,23.5938,,38,1610.592613313667,,
9,short,ollama,ollama,qwen2.5:7b,ollama,7600.0,7600.0,Summarize RLHF in one sentence.,31,128,36,109,True,0,,kv_decode,ok,,1766547232.5284007,38,23.5938,,389.669,1425.0752,11.1334,,128,128,6203.152300000056,6199.3633,5746.2702,stop,7600.0,1425.0752,,128,89.81982143819498,,
9,short,ollama,ollama,qwen2.5:7b,ollama,7600.0,7600.0,Summarize RLHF in one sentence.,31,128,36,110,True,0,,e2e_kv,ok,,1766547232.5284007,38,23.5938,,389.669,1425.0752,11.1334,,128,128,6203.152300000056,6199.3633,5746.2702,stop,7600.0,1448.669,,166,114.58794244924132,,
9,short,ollama,ollama,qwen2.5:7b,ollama,7600.0,7600.0,Summarize RLHF in one sentence.,31,128,37,111,False,,0,prefill,ok,,1766547238.731918,38,11.7466,,394.4153,1442.4330971428572,11.269008571428571,,0,128,574.27110000026,571.1282,132.901,stop,7600.0,11.7466,,38,3234.9786321148244,,
9,short,ollama,ollama,qwen2.5:7b,ollama,7600.0,7600.0,Summarize RLHF in one sentence.,31,128,37,112,False,,0,kv_decode,ok,,1766547238.731918,38,11.7466,,394.4153,1442.4330971428572,11.269008571428571,,128,128,574.27110000026,571.1282,132.901,stop,7600.0,1442.4330971428572,,128,88.73895104981982,,
9,short,ollama,ollama,qwen2.5:7b,ollama,7600.0,7600.0,Summarize RLHF in one sentence.,31,128,37,113,False,,0,e2e_kv,ok,,1766547238.731918,38,11.7466,,394.4153,1442.4330971428572,11.269008571428571,,128,128,574.27110000026,571.1282,132.901,stop,7600.0,1454.179697142857,,166,114.15370488678494,,
9,short,ollama,ollama,qwen2.5:7b,ollama,7600.0,7600.0,Summarize RLHF in one sentence.,31,128,38,114,False,,1,prefill,ok,,1766547239.3064215,38,12.1666,,392.451,1435.2493714285715,11.212885714285715,,0,128,578.274699999838,556.8097,118.1777,stop,7600.0,12.1666,,38,3123.3047852316995,,
9,short,ollama,ollama,qwen2.5:7b,ollama,7600.0,7600.0,Summarize RLHF in one sentence.,31,128,38,115,False,,1,kv_decode,ok,,1766547239.3064215,38,12.1666,,392.451,1435.2493714285715,11.212885714285715,,128,128,578.274699999838,556.8097,118.1777,stop,7600.0,1435.2493714285715,,128,89.18310820968732,,
9,short,ollama,ollama,qwen2.5:7b,ollama,7600.0,7600.0,Summarize RLHF in one sentence.,31,128,38,116,False,,1,e2e_kv,ok,,1766547239.3064215,38,12.1666,,392.451,1435.2493714285715,11.212885714285715,,128,128,578.274699999838,556.8097,118.1777,stop,7600.0,1447.4159714285715,,166,114.6871412757462,,
9,short,ollama,ollama,qwen2.5:7b,ollama,7600.0,7600.0,Summarize RLHF in one sentence.,31,128,39,117,False,,2,prefill,ok,,1766547239.88482,38,11.7791,,392.3682,1434.94656,11.21052,,0,128,579.8257999999805,566.6552,131.3929,stop,7600.0,11.7791,,38,3226.052924247184,,
9,short,ollama,ollama,qwen2.5:7b,ollama,7600.0,7600.0,Summarize RLHF in one sentence.,31,128,39,118,False,,2,kv_decode,ok,,1766547239.88482,38,11.7791,,392.3682,1434.94656,11.21052,,128,128,579.8257999999805,566.6552,131.3929,stop,7600.0,1434.94656,,128,89.20192818887973,,
9,short,ollama,ollama,qwen2.5:7b,ollama,7600.0,7600.0,Summarize RLHF in one sentence.,31,128,39,119,False,,2,e2e_kv,ok,,1766547239.88482,38,11.7791,,392.3682,1434.94656,11.21052,,128,128,579.8257999999805,566.6552,131.3929,stop,7600.0,1446.72566,,166,114.74186474303636,,
10,medium,hf_gpu_fp16,hf,models/gpt2-100m,hf,96.088,96.088,Explain how backpressure works in an inference service and when to enable queueing.,83,128,40,120,True,0,,prefill,ok,,1766547240.4649127,17,40.99690000020928,40.88608169555664,550.7685000002311,,,550.740966796875,0,,,,,,96.08832,40.99690000020928,40.88608169555664,17,414.66549909659557,260.833984375,380.4963000002317
10,medium,hf_gpu_fp16,hf,models/gpt2-100m,hf,96.088,96.088,Explain how backpressure works in an inference service and when to enable queueing.,83,128,40,121,True,0,,kv_decode,ok,,1766547240.4649127,17,40.99690000020928,40.88608169555664,550.7685000002311,,,550.740966796875,128,,,,,,96.08832,550.7685000002311,550.740966796875,128,232.40254299210338,260.833984375,380.4963000002317
10,medium,hf_gpu_fp16,hf,models/gpt2-100m,hf,96.088,96.088,Explain how backpressure works in an inference service and when to enable queueing.,83,128,40,122,True,0,,e2e_kv,ok,,1766547240.4649127,17,40.99690000020928,40.88608169555664,550.7685000002311,,,550.740966796875,128,,,,,,96.08832,591.7654000004404,591.6270484924316,145,245.02953366298888,260.833984375,380.4963000002317
10,medium,hf_gpu_fp16,hf,models/gpt2-100m,hf,96.088,96.088,Explain how backpressure works in an inference service and when to enable queueing.,83,128,41,123,False,,0,prefill,ok,,1766547241.4385154,17,5.365499999697931,5.3155198097229,522.3284999997304,,,522.292236328125,0,,,,,,96.08832,5.365499999697931,5.3155198097229,17,3168.3906441071795,260.833984375,
10,medium,hf_gpu_fp16,hf,models/gpt2-100m,hf,96.088,96.088,Explain how backpressure works in an inference service and when to enable queueing.,83,128,41,124,False,,0,kv_decode,ok,,1766547241.4385154,17,5.365499999697931,5.3155198097229,522.3284999997304,,,522.292236328125,128,,,,,,96.08832,522.3284999997304,522.292236328125,128,245.05651137180158,260.833984375,
10,medium,hf_gpu_fp16,hf,models/gpt2-100m,hf,96.088,96.088,Explain how backpressure works in an inference service and when to enable queueing.,83,128,41,125,False,,0,e2e_kv,ok,,1766547241.4385154,17,5.365499999697931,5.3155198097229,522.3284999997304,,,522.292236328125,128,,,,,,96.08832,527.6939999994283,527.6077561378479,145,274.78045988803564,260.833984375,
10,medium,hf_gpu_fp16,hf,models/gpt2-100m,hf,96.088,96.088,Explain how backpressure works in an inference service and when to enable queueing.,83,128,42,126,False,,1,prefill,ok,,1766547241.966889,17,4.973900000095455,4.927487850189209,515.8523000000059,,,515.831787109375,0,,,,,,96.08832,4.973900000095455,4.927487850189209,17,3417.841130636674,260.833984375,
10,medium,hf_gpu_fp16,hf,models/gpt2-100m,hf,96.088,96.088,Explain how backpressure works in an inference service and when to enable queueing.,83,128,42,127,False,,1,kv_decode,ok,,1766547241.966889,17,4.973900000095455,4.927487850189209,515.8523000000059,,,515.831787109375,128,,,,,,96.08832,515.8523000000059,515.831787109375,128,248.13304118252168,260.833984375,
10,medium,hf_gpu_fp16,hf,models/gpt2-100m,hf,96.088,96.088,Explain how backpressure works in an inference service and when to enable queueing.,83,128,42,128,False,,1,e2e_kv,ok,,1766547241.966889,17,4.973900000095455,4.927487850189209,515.8523000000059,,,515.831787109375,128,,,,,,96.08832,520.8262000001014,520.7592749595642,145,278.4038130185689,260.833984375,
10,medium,hf_gpu_fp16,hf,models/gpt2-100m,hf,96.088,96.088,Explain how backpressure works in an inference service and when to enable queueing.,83,128,43,129,False,,2,prefill,ok,,1766547242.4883654,17,4.813900000044669,4.775936126708984,523.6589999999524,,,523.6357421875,0,,,,,,96.08832,4.813900000044669,4.775936126708984,17,3531.4402043753,260.833984375,
10,medium,hf_gpu_fp16,hf,models/gpt2-100m,hf,96.088,96.088,Explain how backpressure works in an inference service and when to enable queueing.,83,128,43,130,False,,2,kv_decode,ok,,1766547242.4883654,17,4.813900000044669,4.775936126708984,523.6589999999524,,,523.6357421875,128,,,,,,96.08832,523.6589999999524,523.6357421875,128,244.4338777716255,260.833984375,
10,medium,hf_gpu_fp16,hf,models/gpt2-100m,hf,96.088,96.088,Explain how backpressure works in an inference service and when to enable queueing.,83,128,43,131,False,,2,e2e_kv,ok,,1766547242.4883654,17,4.813900000044669,4.775936126708984,523.6589999999524,,,523.6357421875,128,,,,,,96.08832,528.472899999997,528.411678314209,145,274.3754693949317,260.833984375,
11,short,hf_gpu_fp16,hf,models/gpt2-100m,hf,96.088,96.088,Summarize RLHF in one sentence.,31,128,44,132,True,0,,prefill,ok,,1766547243.0173926,9,98.1205999996746,97.99372863769531,547.9566999997587,,,547.9127197265625,0,,,,,,96.08832,98.1205999996746,97.99372863769531,9,91.72385819114281,259.50927734375,
11,short,hf_gpu_fp16,hf,models/gpt2-100m,hf,96.088,96.088,Summarize RLHF in one sentence.,31,128,44,133,True,0,,kv_decode,ok,,1766547243.0173926,9,98.1205999996746,97.99372863769531,547.9566999997587,,,547.9127197265625,128,,,,,,96.08832,547.9566999997587,547.9127197265625,128,233.59509975889767,259.50927734375,
11,short,hf_gpu_fp16,hf,models/gpt2-100m,hf,96.088,96.088,Summarize RLHF in one sentence.,31,128,44,134,True,0,,e2e_kv,ok,,1766547243.0173926,9,98.1205999996746,97.99372863769531,547.9566999997587,,,547.9127197265625,128,,,,,,96.08832,646.0772999994333,645.9064483642578,137,212.04892974899468,259.50927734375,
11,short,hf_gpu_fp16,hf,models/gpt2-100m,hf,96.088,96.088,Summarize RLHF in one sentence.,31,128,45,135,False,,0,prefill,ok,,1766547243.6640143,9,4.956100000072183,4.91315221786499,537.9369000002043,,,537.9174194335938,0,,,,,,96.08832,4.956100000072183,4.91315221786499,9,1815.9439881900928,259.50927734375,
11,short,hf_gpu_fp16,hf,models/gpt2-100m,hf,96.088,96.088,Summarize RLHF in one sentence.,31,128,45,136,False,,0,kv_decode,ok,,1766547243.6640143,9,4.956100000072183,4.91315221786499,537.9369000002043,,,537.9174194335938,128,,,,,,96.08832,537.9369000002043,537.9174194335938,128,237.94612342070488,259.50927734375,
11,short,hf_gpu_fp16,hf,models/gpt2-100m,hf,96.088,96.088,Summarize RLHF in one sentence.,31,128,45,137,False,,0,e2e_kv,ok,,1766547243.6640143,9,4.956100000072183,4.91315221786499,537.9369000002043,,,537.9174194335938,128,,,,,,96.08832,542.8930000002765,542.8305716514587,137,252.35175255516322,259.50927734375,
11,short,hf_gpu_fp16,hf,models/gpt2-100m,hf,96.088,96.088,Summarize RLHF in one sentence.,31,128,46,138,False,,1,prefill,ok,,1766547244.2074542,9,5.142900000009831,5.091328144073486,503.24380000029123,,,503.2222595214844,0,,,,,,96.08832,5.142900000009831,5.091328144073486,9,1749.9854167848482,259.50927734375,
11,short,hf_gpu_fp16,hf,models/gpt2-100m,hf,96.088,96.088,Summarize RLHF in one sentence.,31,128,46,139,False,,1,kv_decode,ok,,1766547244.2074542,9,5.142900000009831,5.091328144073486,503.24380000029123,,,503.2222595214844,128,,,,,,96.08832,503.24380000029123,503.2222595214844,128,254.34987972017922,259.50927734375,
11,short,hf_gpu_fp16,hf,models/gpt2-100m,hf,96.088,96.088,Summarize RLHF in one sentence.,31,128,46,140,False,,1,e2e_kv,ok,,1766547244.2074542,9,5.142900000009831,5.091328144073486,503.24380000029123,,,503.2222595214844,128,,,,,,96.08832,508.38670000030106,508.31358766555786,137,269.4799057487516,259.50927734375,
11,short,hf_gpu_fp16,hf,models/gpt2-100m,hf,96.088,96.088,Summarize RLHF in one sentence.,31,128,47,141,False,,2,prefill,ok,,1766547244.7164116,9,4.783299999871815,4.741119861602783,506.3089000000218,,,506.2868347167969,0,,,,,,96.08832,4.783299999871815,4.741119861602783,9,1881.5462129160173,259.50927734375,
11,short,hf_gpu_fp16,hf,models/gpt2-100m,hf,96.088,96.088,Summarize RLHF in one sentence.,31,128,47,142,False,,2,kv_decode,ok,,1766547244.7164116,9,4.783299999871815,4.741119861602783,506.3089000000218,,,506.2868347167969,128,,,,,,96.08832,506.3089000000218,506.2868347167969,128,252.81009281091934,259.50927734375,
11,short,hf_gpu_fp16,hf,models/gpt2-100m,hf,96.088,96.088,Summarize RLHF in one sentence.,31,128,47,143,False,,2,e2e_kv,ok,,1766547244.7164116,9,4.783299999871815,4.741119861602783,506.3089000000218,,,506.2868347167969,128,,,,,,96.08832,511.09219999989364,511.02795457839966,137,268.0533962365861,259.50927734375,
12,micro,hf_gpu_fp16,hf,models/gpt2-25m,hf,25.016,25.016,Hello,5,128,48,144,True,0,,prefill,ok,,1766547245.2280302,1,5.491200000051322,5.444608211517334,220.36439999965296,,,220.32077026367188,0,,,,,,25.016064,5.491200000051322,5.444608211517334,1,182.1095571078551,256.09375,
12,micro,hf_gpu_fp16,hf,models/gpt2-25m,hf,25.016,25.016,Hello,5,128,48,145,True,0,,kv_decode,ok,,1766547245.2280302,1,5.491200000051322,5.444608211517334,220.36439999965296,,,220.32077026367188,128,,,,,,25.016064,220.36439999965296,220.32077026367188,128,580.8560729419161,256.09375,
12,micro,hf_gpu_fp16,hf,models/gpt2-25m,hf,25.016,25.016,Hello,5,128,48,146,True,0,,e2e_kv,ok,,1766547245.2280302,1,5.491200000051322,5.444608211517334,220.36439999965296,,,220.32077026367188,128,,,,,,25.016064,225.85559999970428,225.7653784751892,129,571.1613969286965,256.09375,
12,micro,hf_gpu_fp16,hf,models/gpt2-25m,hf,25.016,25.016,Hello,5,128,49,147,False,,0,prefill,ok,,1766547245.4544284,1,2.2419000001718814,2.1882879734039307,223.56370000034076,,,223.53407287597656,0,,,,,,25.016064,2.2419000001718814,2.1882879734039307,1,446.0502252211661,256.09375,
12,micro,hf_gpu_fp16,hf,models/gpt2-25m,hf,25.016,25.016,Hello,5,128,49,148,False,,0,kv_decode,ok,,1766547245.4544284,1,2.2419000001718814,2.1882879734039307,223.56370000034076,,,223.53407287597656,128,,,,,,25.016064,223.56370000034076,223.53407287597656,128,572.5437537480589,256.09375,
12,micro,hf_gpu_fp16,hf,models/gpt2-25m,hf,25.016,25.016,Hello,5,128,49,149,False,,0,e2e_kv,ok,,1766547245.4544284,1,2.2419000001718814,2.1882879734039307,223.56370000034076,,,223.53407287597656,128,,,,,,25.016064,225.80560000051264,225.7223608493805,129,571.2878688558084,256.09375,
12,micro,hf_gpu_fp16,hf,models/gpt2-25m,hf,25.016,25.016,Hello,5,128,50,150,False,,1,prefill,ok,,1766547245.680782,1,2.316999999948166,2.2671360969543457,220.35609999966255,,,220.29209899902344,0,,,,,,25.016064,2.316999999948166,2.2671360969543457,1,431.59257661733756,256.09375,
12,micro,hf_gpu_fp16,hf,models/gpt2-25m,hf,25.016,25.016,Hello,5,128,50,151,False,,1,kv_decode,ok,,1766547245.680782,1,2.316999999948166,2.2671360969543457,220.35609999966255,,,220.29209899902344,128,,,,,,25.016064,220.35609999966255,220.29209899902344,128,580.8779516437077,256.09375,
12,micro,hf_gpu_fp16,hf,models/gpt2-25m,hf,25.016,25.016,Hello,5,128,50,152,False,,1,e2e_kv,ok,,1766547245.680782,1,2.316999999948166,2.2671360969543457,220.35609999966255,,,220.29209899902344,128,,,,,,25.016064,222.6730999996107,222.55923509597778,129,579.3245793956501,256.09375,
12,micro,hf_gpu_fp16,hf,models/gpt2-25m,hf,25.016,25.016,Hello,5,128,51,153,False,,2,prefill,ok,,1766547245.9040084,1,2.2877999999764143,2.2415359020233154,225.56110000004992,,,225.5083465576172,0,,,,,,25.016064,2.2877999999764143,2.2415359020233154,1,437.1011452095067,256.09375,
12,micro,hf_gpu_fp16,hf,models/gpt2-25m,hf,25.016,25.016,Hello,5,128,51,154,False,,2,kv_decode,ok,,1766547245.9040084,1,2.2877999999764143,2.2415359020233154,225.56110000004992,,,225.5083465576172,128,,,,,,25.016064,225.56110000004992,225.5083465576172,128,567.4737354977062,256.09375,
12,micro,hf_gpu_fp16,hf,models/gpt2-25m,hf,25.016,25.016,Hello,5,128,51,155,False,,2,e2e_kv,ok,,1766547245.9040084,1,2.2877999999764143,2.2415359020233154,225.56110000004992,,,225.5083465576172,128,,,,,,25.016064,227.84890000002633,227.7498824596405,129,566.164681944855,256.09375,
13,short,ollama,ollama,gemma3:270m,ollama,268.1,268.1,Summarize RLHF in one sentence.,31,128,52,156,True,0,,prefill,ok,,1766547246.132594,17,9.9248,,84.2259,291.3760864864865,2.2763756756756757,,0,128,1601.014899999882,1539.2064,1388.6215,stop,268.1,9.9248,,17,1712.8808640980171,,
13,short,ollama,ollama,gemma3:270m,ollama,268.1,268.1,Summarize RLHF in one sentence.,31,128,52,157,True,0,,kv_decode,ok,,1766547246.132594,17,9.9248,,84.2259,291.3760864864865,2.2763756756756757,,128,128,1601.014899999882,1539.2064,1388.6215,stop,268.1,291.3760864864865,,128,439.2948012428481,,
13,short,ollama,ollama,gemma3:270m,ollama,268.1,268.1,Summarize RLHF in one sentence.,31,128,52,158,True,0,,e2e_kv,ok,,1766547246.132594,17,9.9248,,84.2259,291.3760864864865,2.2763756756756757,,128,128,1601.014899999882,1539.2064,1388.6215,stop,268.1,301.3008864864865,,145,481.246509729414,,
13,short,ollama,ollama,gemma3:270m,ollama,268.1,268.1,Summarize RLHF in one sentence.,31,128,53,159,False,,0,prefill,ok,,1766547247.7338517,17,2.7503,,104.2379,277.96773333333334,2.1716229166666667,,0,128,345.07570000005217,304.5767,157.7018,stop,268.1,2.7503,,17,6181.143875213613,,
13,short,ollama,ollama,gemma3:270m,ollama,268.1,268.1,Summarize RLHF in one sentence.,31,128,53,160,False,,0,kv_decode,ok,,1766547247.7338517,17,2.7503,,104.2379,277.96773333333334,2.1716229166666667,,128,128,345.07570000005217,304.5767,157.7018,stop,268.1,277.96773333333334,,128,460.48510186793857,,
13,short,ollama,ollama,gemma3:270m,ollama,268.1,268.1,Summarize RLHF in one sentence.,31,128,53,161,False,,0,e2e_kv,ok,,1766547247.7338517,17,2.7503,,104.2379,277.96773333333334,2.1716229166666667,,128,128,345.07570000005217,304.5767,157.7018,stop,268.1,280.7180333333333,,145,516.5325443407567,,
13,short,ollama,ollama,gemma3:270m,ollama,268.1,268.1,Summarize RLHF in one sentence.,31,128,54,162,False,,1,prefill,ok,,1766547248.0791075,17,2.4736,,99.5575,265.4866666666667,2.0741145833333334,,0,128,320.7410999998501,292.6812,149.2711,stop,268.1,2.4736,,17,6872.574385510997,,
13,short,ollama,ollama,gemma3:270m,ollama,268.1,268.1,Summarize RLHF in one sentence.,31,128,54,163,False,,1,kv_decode,ok,,1766547248.0791075,17,2.4736,,99.5575,265.4866666666667,2.0741145833333334,,128,128,320.7410999998501,292.6812,149.2711,stop,268.1,265.4866666666667,,128,482.1334404740978,,
13,short,ollama,ollama,gemma3:270m,ollama,268.1,268.1,Summarize RLHF in one sentence.,31,128,54,164,False,,1,e2e_kv,ok,,1766547248.0791075,17,2.4736,,99.5575,265.4866666666667,2.0741145833333334,,128,128,320.7410999998501,292.6812,149.2711,stop,268.1,267.96026666666666,,145,541.1250026123276,,
13,short,ollama,ollama,gemma3:270m,ollama,268.1,268.1,Summarize RLHF in one sentence.,31,128,55,165,False,,2,prefill,ok,,1766547248.4000123,17,2.8137,,107.3902,286.37386666666663,2.237295833333333,,0,128,307.5491999998121,297.8544,153.2952,stop,268.1,2.8137,,17,6041.866581369727,,
13,short,ollama,ollama,gemma3:270m,ollama,268.1,268.1,Summarize RLHF in one sentence.,31,128,55,166,False,,2,kv_decode,ok,,1766547248.4000123,17,2.8137,,107.3902,286.37386666666663,2.237295833333333,,128,128,307.5491999998121,297.8544,153.2952,stop,268.1,286.37386666666663,,128,446.9681591057657,,
13,short,ollama,ollama,gemma3:270m,ollama,268.1,268.1,Summarize RLHF in one sentence.,31,128,55,167,False,,2,e2e_kv,ok,,1766547248.4000123,17,2.8137,,107.3902,286.37386666666663,2.237295833333333,,128,128,307.5491999998121,297.8544,153.2952,stop,268.1,289.1875666666666,,145,501.4046823359281,,
14,micro,hf_cpu_fp32,hf,models/gpt2-100m,hf,96.088,96.088,Hello,5,128,56,168,True,0,,prefill,ok,,1766547248.7078662,1,84.73599999979342,,5401.977999999872,,,,0,,,,,,96.08832,84.73599999979342,,1,11.801359516645086,,
14,micro,hf_cpu_fp32,hf,models/gpt2-100m,hf,96.088,96.088,Hello,5,128,56,169,True,0,,kv_decode,ok,,1766547248.7078662,1,84.73599999979342,,5401.977999999872,,,,128,,,,,,96.08832,5401.977999999872,,128,23.69502430406104,,
14,micro,hf_cpu_fp32,hf,models/gpt2-100m,hf,96.088,96.088,Hello,5,128,56,170,True,0,,e2e_kv,ok,,1766547248.7078662,1,84.73599999979342,,5401.977999999872,,,,128,,,,,,96.08832,5486.713999999665,,129,23.511340303140983,,
14,micro,hf_cpu_fp32,hf,models/gpt2-100m,hf,96.088,96.088,Hello,5,128,57,171,False,,0,prefill,ok,,1766547254.1953564,1,45.641600000180915,,4530.543000000307,,,,0,,,,,,96.08832,45.641600000180915,,1,21.909836640171164,,
14,micro,hf_cpu_fp32,hf,models/gpt2-100m,hf,96.088,96.088,Hello,5,128,57,172,False,,0,kv_decode,ok,,1766547254.1953564,1,45.641600000180915,,4530.543000000307,,,,128,,,,,,96.08832,4530.543000000307,,128,28.252684060164825,,
14,micro,hf_cpu_fp32,hf,models/gpt2-100m,hf,96.088,96.088,Hello,5,128,57,173,False,,0,e2e_kv,ok,,1766547254.1953564,1,45.641600000180915,,4530.543000000307,,,,128,,,,,,96.08832,4576.184600000488,,129,28.189422253635975,,
14,micro,hf_cpu_fp32,hf,models/gpt2-100m,hf,96.088,96.088,Hello,5,128,58,174,False,,1,prefill,ok,,1766547258.7721727,1,27.244599999903585,,4072.751100000005,,,,0,,,,,,96.08832,27.244599999903585,,1,36.70452126305906,,
14,micro,hf_cpu_fp32,hf,models/gpt2-100m,hf,96.088,96.088,Hello,5,128,58,175,False,,1,kv_decode,ok,,1766547258.7721727,1,27.244599999903585,,4072.751100000005,,,,128,,,,,,96.08832,4072.751100000005,,128,31.42838755847364,,
14,micro,hf_cpu_fp32,hf,models/gpt2-100m,hf,96.088,96.088,Hello,5,128,58,176,False,,1,e2e_kv,ok,,1766547258.7721727,1,27.244599999903585,,4072.751100000005,,,,128,,,,,,96.08832,4099.9956999999085,,129,31.463447632397,,
14,micro,hf_cpu_fp32,hf,models/gpt2-100m,hf,96.088,96.088,Hello,5,128,59,177,False,,2,prefill,ok,,1766547262.8727381,1,31.652399999984482,,4032.6630999998088,,,,0,,,,,,96.08832,31.652399999984482,,1,31.593180927844028,,
14,micro,hf_cpu_fp32,hf,models/gpt2-100m,hf,96.088,96.088,Hello,5,128,59,178,False,,2,kv_decode,ok,,1766547262.8727381,1,31.652399999984482,,4032.6630999998088,,,,128,,,,,,96.08832,4032.6630999998088,,128,31.74081167355787,,
14,micro,hf_cpu_fp32,hf,models/gpt2-100m,hf,96.088,96.088,Hello,5,128,59,179,False,,2,e2e_kv,ok,,1766547262.8727381,1,31.652399999984482,,4032.6630999998088,,,,128,,,,,,96.08832,4064.3154999997932,,129,31.739661943076655,,
15,medium,hf_cpu_fp32,hf,models/gpt2-100m,hf,96.088,96.088,Explain how backpressure works in an inference service and when to enable queueing.,83,128,60,180,True,0,,prefill,ok,,1766547266.9376352,17,63.672499999938736,,4272.174299999733,,,,0,,,,,,96.08832,63.672499999938736,,17,266.991244257982,,
15,medium,hf_cpu_fp32,hf,models/gpt2-100m,hf,96.088,96.088,Explain how backpressure works in an inference service and when to enable queueing.,83,128,60,181,True,0,,kv_decode,ok,,1766547266.9376352,17,63.672499999938736,,4272.174299999733,,,,128,,,,,,96.08832,4272.174299999733,,128,29.96132437761446,,
15,medium,hf_cpu_fp32,hf,models/gpt2-100m,hf,96.088,96.088,Explain how backpressure works in an inference service and when to enable queueing.,83,128,60,182,True,0,,e2e_kv,ok,,1766547266.9376352,17,63.672499999938736,,4272.174299999733,,,,128,,,,,,96.08832,4335.846799999672,,145,33.44214099077739,,
15,medium,hf_cpu_fp32,hf,models/gpt2-100m,hf,96.088,96.088,Explain how backpressure works in an inference service and when to enable queueing.,83,128,61,183,False,,0,prefill,ok,,1766547271.2744188,17,68.29870000001392,,3871.860899999774,,,,0,,,,,,96.08832,68.29870000001392,,17,248.90664097554617,,
15,medium,hf_cpu_fp32,hf,models/gpt2-100m,hf,96.088,96.088,Explain how backpressure works in an inference service and when to enable queueing.,83,128,61,184,False,,0,kv_decode,ok,,1766547271.2744188,17,68.29870000001392,,3871.860899999774,,,,128,,,,,,96.08832,3871.860899999774,,128,33.05903887198207,,
15,medium,hf_cpu_fp32,hf,models/gpt2-100m,hf,96.088,96.088,Explain how backpressure works in an inference service and when to enable queueing.,83,128,61,185,False,,0,e2e_kv,ok,,1766547271.2744188,17,68.29870000001392,,3871.860899999774,,,,128,,,,,,96.08832,3940.159599999788,,145,36.80053975478755,,
15,medium,hf_cpu_fp32,hf,models/gpt2-100m,hf,96.088,96.088,Explain how backpressure works in an inference service and when to enable queueing.,83,128,62,186,False,,1,prefill,ok,,1766547275.2151573,17,37.76999999990949,,3751.284399999804,,,,0,,,,,,96.08832,37.76999999990949,,17,450.0926661382245,,
15,medium,hf_cpu_fp32,hf,models/gpt2-100m,hf,96.088,96.088,Explain how backpressure works in an inference service and when to enable queueing.,83,128,62,187,False,,1,kv_decode,ok,,1766547275.2151573,17,37.76999999990949,,3751.284399999804,,,,128,,,,,,96.08832,3751.284399999804,,128,34.12164644195111,,
15,medium,hf_cpu_fp32,hf,models/gpt2-100m,hf,96.088,96.088,Explain how backpressure works in an inference service and when to enable queueing.,83,128,62,188,False,,1,e2e_kv,ok,,1766547275.2151573,17,37.76999999990949,,3751.284399999804,,,,128,,,,,,96.08832,3789.0543999997135,,145,38.26812304410593,,
15,medium,hf_cpu_fp32,hf,models/gpt2-100m,hf,96.088,96.088,Explain how backpressure works in an inference service and when to enable queueing.,83,128,63,189,False,,2,prefill,ok,,1766547279.0050197,17,43.62309999987701,,4500.98829999979,,,,0,,,,,,96.08832,43.62309999987701,,17,389.701786439935,,
15,medium,hf_cpu_fp32,hf,models/gpt2-100m,hf,96.088,96.088,Explain how backpressure works in an inference service and when to enable queueing.,83,128,63,190,False,,2,kv_decode,ok,,1766547279.0050197,17,43.62309999987701,,4500.98829999979,,,,128,,,,,,96.08832,4500.98829999979,,128,28.438198784032824,,
15,medium,hf_cpu_fp32,hf,models/gpt2-100m,hf,96.088,96.088,Explain how backpressure works in an inference service and when to enable queueing.,83,128,63,191,False,,2,e2e_kv,ok,,1766547279.0050197,17,43.62309999987701,,4500.98829999979,,,,128,,,,,,96.08832,4544.611399999667,,145,31.90591829259827,,
16,short,hf_cpu_fp32,hf,models/gpt2-25m,hf,25.016,25.016,Summarize RLHF in one sentence.,31,128,64,192,True,0,,prefill,ok,,1766547283.5502589,9,15.824000000066007,,1722.1604999999727,,,,0,,,,,,25.016064,15.824000000066007,,9,568.7563195122888,,
16,short,hf_cpu_fp32,hf,models/gpt2-25m,hf,25.016,25.016,Summarize RLHF in one sentence.,31,128,64,193,True,0,,kv_decode,ok,,1766547283.5502589,9,15.824000000066007,,1722.1604999999727,,,,128,,,,,,25.016064,1722.1604999999727,,128,74.325244366017,,
16,short,hf_cpu_fp32,hf,models/gpt2-25m,hf,25.016,25.016,Summarize RLHF in one sentence.,31,128,64,194,True,0,,e2e_kv,ok,,1766547283.5502589,9,15.824000000066007,,1722.1604999999727,,,,128,,,,,,25.016064,1737.9845000000387,,137,78.82694005613799,,
16,short,hf_cpu_fp32,hf,models/gpt2-25m,hf,25.016,25.016,Summarize RLHF in one sentence.,31,128,65,195,False,,0,prefill,ok,,1766547285.2896638,9,14.842099999896163,,1260.3605999997853,,,,0,,,,,,25.016064,14.842099999896163,,9,606.3831937571479,,
16,short,hf_cpu_fp32,hf,models/gpt2-25m,hf,25.016,25.016,Summarize RLHF in one sentence.,31,128,65,196,False,,0,kv_decode,ok,,1766547285.2896638,9,14.842099999896163,,1260.3605999997853,,,,128,,,,,,25.016064,1260.3605999997853,,128,101.55823658722892,,
16,short,hf_cpu_fp32,hf,models/gpt2-25m,hf,25.016,25.016,Summarize RLHF in one sentence.,31,128,65,197,False,,0,e2e_kv,ok,,1766547285.2896638,9,14.842099999896163,,1260.3605999997853,,,,128,,,,,,25.016064,1275.2026999996815,,137,107.43390050854991,,
16,short,hf_cpu_fp32,hf,models/gpt2-25m,hf,25.016,25.016,Summarize RLHF in one sentence.,31,128,66,198,False,,1,prefill,ok,,1766547286.5654457,9,12.663399999837566,,1415.9197000003587,,,,0,,,,,,25.016064,12.663399999837566,,9,710.7096040648992,,
16,short,hf_cpu_fp32,hf,models/gpt2-25m,hf,25.016,25.016,Summarize RLHF in one sentence.,31,128,66,199,False,,1,kv_decode,ok,,1766547286.5654457,9,12.663399999837566,,1415.9197000003587,,,,128,,,,,,25.016064,1415.9197000003587,,128,90.40060675754958,,
16,short,hf_cpu_fp32,hf,models/gpt2-25m,hf,25.016,25.016,Summarize RLHF in one sentence.,31,128,66,200,False,,1,e2e_kv,ok,,1766547286.5654457,9,12.663399999837566,,1415.9197000003587,,,,128,,,,,,25.016064,1428.5831000001963,,137,95.89921650338799,,
16,short,hf_cpu_fp32,hf,models/gpt2-25m,hf,25.016,25.016,Summarize RLHF in one sentence.,31,128,67,201,False,,2,prefill,ok,,1766547287.9945104,9,13.225999999576743,,1808.6272000000463,,,,0,,,,,,25.016064,13.225999999576743,,9,680.4778466874351,,
16,short,hf_cpu_fp32,hf,models/gpt2-25m,hf,25.016,25.016,Summarize RLHF in one sentence.,31,128,67,202,False,,2,kv_decode,ok,,1766547287.9945104,9,13.225999999576743,,1808.6272000000463,,,,128,,,,,,25.016064,1808.6272000000463,,128,70.77190921379305,,
16,short,hf_cpu_fp32,hf,models/gpt2-25m,hf,25.016,25.016,Summarize RLHF in one sentence.,31,128,67,203,False,,2,e2e_kv,ok,,1766547287.9945104,9,13.225999999576743,,1808.6272000000463,,,,128,,,,,,25.016064,1821.853199999623,,137,75.19815537279752,,
17,short,hf_gpu_fp16,hf,models/gpt2-25m,hf,25.016,25.016,Summarize RLHF in one sentence.,31,128,68,204,True,0,,prefill,ok,,1766547289.8168259,9,6.674199999906705,6.553599834442139,321.99809999974605,,,321.8913269042969,0,,,,,,25.016064,6.674199999906705,6.553599834442139,9,1348.4762218881374,256.8955078125,
17,short,hf_gpu_fp16,hf,models/gpt2-25m,hf,25.016,25.016,Summarize RLHF in one sentence.,31,128,68,205,True,0,,kv_decode,ok,,1766547289.8168259,9,6.674199999906705,6.553599834442139,321.99809999974605,,,321.8913269042969,128,,,,,,25.016064,321.99809999974605,321.8913269042969,128,397.51787355298353,256.8955078125,
17,short,hf_gpu_fp16,hf,models/gpt2-25m,hf,25.016,25.016,Summarize RLHF in one sentence.,31,128,68,206,True,0,,e2e_kv,ok,,1766547289.8168259,9,6.674199999906705,6.553599834442139,321.99809999974605,,,321.8913269042969,128,,,,,,25.016064,328.67229999965275,328.444926738739,137,416.8285553730714,256.8955078125,
17,short,hf_gpu_fp16,hf,models/gpt2-25m,hf,25.016,25.016,Summarize RLHF in one sentence.,31,128,69,207,False,,0,prefill,ok,,1766547290.1475084,9,2.3273000001609034,2.269184112548828,240.77430000033928,,,240.70962524414062,0,,,,,,25.016064,2.3273000001609034,2.269184112548828,9,3867.1421816601915,256.8955078125,
17,short,hf_gpu_fp16,hf,models/gpt2-25m,hf,25.016,25.016,Summarize RLHF in one sentence.,31,128,69,208,False,,0,kv_decode,ok,,1766547290.1475084,9,2.3273000001609034,2.269184112548828,240.77430000033928,,,240.70962524414062,128,,,,,,25.016064,240.77430000033928,240.70962524414062,128,531.6182001144625,256.8955078125,
17,short,hf_gpu_fp16,hf,models/gpt2-25m,hf,25.016,25.016,Summarize RLHF in one sentence.,31,128,69,209,False,,0,e2e_kv,ok,,1766547290.1475084,9,2.3273000001609034,2.269184112548828,240.77430000033928,,,240.70962524414062,128,,,,,,25.016064,243.10160000050018,242.97880935668945,137,563.5503838712625,256.8955078125,
17,short,hf_gpu_fp16,hf,models/gpt2-25m,hf,25.016,25.016,Summarize RLHF in one sentence.,31,128,70,210,False,,1,prefill,ok,,1766547290.391346,9,3.4433000000717584,3.3769280910491943,231.04190000003655,,,231.00006103515625,0,,,,,,25.016064,3.4433000000717584,3.3769280910491943,9,2613.7716724689803,256.8955078125,
17,short,hf_gpu_fp16,hf,models/gpt2-25m,hf,25.016,25.016,Summarize RLHF in one sentence.,31,128,70,211,False,,1,kv_decode,ok,,1766547290.391346,9,3.4433000000717584,3.3769280910491943,231.04190000003655,,,231.00006103515625,128,,,,,,25.016064,231.04190000003655,231.00006103515625,128,554.0120644782602,256.8955078125,
17,short,hf_gpu_fp16,hf,models/gpt2-25m,hf,25.016,25.016,Summarize RLHF in one sentence.,31,128,70,212,False,,1,e2e_kv,ok,,1766547290.391346,9,3.4433000000717584,3.3769280910491943,231.04190000003655,,,231.00006103515625,128,,,,,,25.016064,234.4852000001083,234.37698912620544,137,584.258622718776,256.8955078125,
17,short,hf_gpu_fp16,hf,models/gpt2-25m,hf,25.016,25.016,Summarize RLHF in one sentence.,31,128,71,213,False,,2,prefill,ok,,1766547290.626485,9,2.613600000131555,2.5517759323120117,247.74280000019644,,,247.689208984375,0,,,,,,25.016064,2.613600000131555,2.5517759323120117,9,3443.5261706255687,256.8955078125,
17,short,hf_gpu_fp16,hf,models/gpt2-25m,hf,25.016,25.016,Summarize RLHF in one sentence.,31,128,71,214,False,,2,kv_decode,ok,,1766547290.626485,9,2.613600000131555,2.5517759323120117,247.74280000019644,,,247.689208984375,128,,,,,,25.016064,247.74280000019644,247.689208984375,128,516.6648637211596,256.8955078125,
17,short,hf_gpu_fp16,hf,models/gpt2-25m,hf,25.016,25.016,Summarize RLHF in one sentence.,31,128,71,215,False,,2,e2e_kv,ok,,1766547290.626485,9,2.613600000131555,2.5517759323120117,247.74280000019644,,,247.689208984375,128,,,,,,25.016064,250.356400000328,250.240984916687,137,547.2198833336017,256.8955078125,
18,micro,hf_cpu_fp32,hf,models/gpt2-25m,hf,25.016,25.016,Hello,5,128,72,216,True,0,,prefill,ok,,1766547290.8774076,1,11.0341999998127,,1232.4019000002409,,,,0,,,,,,25.016064,11.0341999998127,,1,90.62732232667294,,
18,micro,hf_cpu_fp32,hf,models/gpt2-25m,hf,25.016,25.016,Hello,5,128,72,217,True,0,,kv_decode,ok,,1766547290.8774076,1,11.0341999998127,,1232.4019000002409,,,,128,,,,,,25.016064,1232.4019000002409,,128,103.86222221823496,,
18,micro,hf_cpu_fp32,hf,models/gpt2-25m,hf,25.016,25.016,Hello,5,128,72,218,True,0,,e2e_kv,ok,,1766547290.8774076,1,11.0341999998127,,1232.4019000002409,,,,128,,,,,,25.016064,1243.4361000000536,,129,103.74477626956016,,
18,micro,hf_cpu_fp32,hf,models/gpt2-25m,hf,25.016,25.016,Hello,5,128,73,219,False,,0,prefill,ok,,1766547292.1232398,1,10.053700000298704,,1622.514499999852,,,,0,,,,,,25.016064,10.053700000298704,,1,99.465868284342,,
18,micro,hf_cpu_fp32,hf,models/gpt2-25m,hf,25.016,25.016,Hello,5,128,73,220,False,,0,kv_decode,ok,,1766547292.1232398,1,10.053700000298704,,1622.514499999852,,,,128,,,,,,25.016064,1622.514499999852,,128,78.88989589924262,,
18,micro,hf_cpu_fp32,hf,models/gpt2-25m,hf,25.016,25.016,Hello,5,128,73,221,False,,0,e2e_kv,ok,,1766547292.1232398,1,10.053700000298704,,1622.514499999852,,,,128,,,,,,25.016064,1632.5682000001507,,129,79.0166070856875,,
18,micro,hf_cpu_fp32,hf,models/gpt2-25m,hf,25.016,25.016,Hello,5,128,74,222,False,,1,prefill,ok,,1766547293.7563093,1,12.394200000017008,,1708.755099999962,,,,0,,,,,,25.016064,12.394200000017008,,1,80.68290006604926,,
18,micro,hf_cpu_fp32,hf,models/gpt2-25m,hf,25.016,25.016,Hello,5,128,74,223,False,,1,kv_decode,ok,,1766547293.7563093,1,12.394200000017008,,1708.755099999962,,,,128,,,,,,25.016064,1708.755099999962,,128,74.90833531382165,,
18,micro,hf_cpu_fp32,hf,models/gpt2-25m,hf,25.016,25.016,Hello,5,128,74,224,False,,1,e2e_kv,ok,,1766547293.7563093,1,12.394200000017008,,1708.755099999962,,,,128,,,,,,25.016064,1721.1492999999791,,129,74.94991863866869,,
18,micro,hf_cpu_fp32,hf,models/gpt2-25m,hf,25.016,25.016,Hello,5,128,75,225,False,,2,prefill,ok,,1766547295.4780061,1,11.65579999997135,,1789.3617999998241,,,,0,,,,,,25.016064,11.65579999997135,,1,85.79419688073388,,
18,micro,hf_cpu_fp32,hf,models/gpt2-25m,hf,25.016,25.016,Hello,5,128,75,226,False,,2,kv_decode,ok,,1766547295.4780061,1,11.65579999997135,,1789.3617999998241,,,,128,,,,,,25.016064,1789.3617999998241,,128,71.53388431563286,,
18,micro,hf_cpu_fp32,hf,models/gpt2-25m,hf,25.016,25.016,Hello,5,128,75,227,False,,2,e2e_kv,ok,,1766547295.4780061,1,11.65579999997135,,1789.3617999998241,,,,128,,,,,,25.016064,1801.0175999997955,,129,71.6261740029718,,
19,micro,hf_gpu_fp16,hf,models/gpt2-100m,hf,96.088,96.088,Hello,5,128,76,228,True,0,,prefill,ok,,1766547297.2795186,1,18.39979999977004,18.25177574157715,680.7218000003559,,,680.5821533203125,0,,,,,,96.08832,18.39979999977004,18.25177574157715,1,54.34841683129697,258.55517578125,
19,micro,hf_gpu_fp16,hf,models/gpt2-100m,hf,96.088,96.088,Hello,5,128,76,229,True,0,,kv_decode,ok,,1766547297.2795186,1,18.39979999977004,18.25177574157715,680.7218000003559,,,680.5821533203125,128,,,,,,96.08832,680.7218000003559,680.5821533203125,128,188.0356997527229,258.55517578125,
19,micro,hf_gpu_fp16,hf,models/gpt2-100m,hf,96.088,96.088,Hello,5,128,76,230,True,0,,e2e_kv,ok,,1766547297.2795186,1,18.39979999977004,18.25177574157715,680.7218000003559,,,680.5821533203125,128,,,,,,96.08832,699.1216000001259,698.8339290618896,129,184.517257083713,258.55517578125,
19,micro,hf_gpu_fp16,hf,models/gpt2-100m,hf,96.088,96.088,Hello,5,128,77,231,False,,0,prefill,ok,,1766547297.9805057,1,4.817199999706645,4.772863864898682,522.604599999795,,,522.550048828125,0,,,,,,96.08832,4.817199999706645,4.772863864898682,1,207.5894710746694,258.55517578125,
19,micro,hf_gpu_fp16,hf,models/gpt2-100m,hf,96.088,96.088,Hello,5,128,77,232,False,,0,kv_decode,ok,,1766547297.9805057,1,4.817199999706645,4.772863864898682,522.604599999795,,,522.550048828125,128,,,,,,96.08832,522.604599999795,522.550048828125,128,244.9270442702766,258.55517578125,
19,micro,hf_gpu_fp16,hf,models/gpt2-100m,hf,96.088,96.088,Hello,5,128,77,233,False,,0,e2e_kv,ok,,1766547297.9805057,1,4.817199999706645,4.772863864898682,522.604599999795,,,522.550048828125,128,,,,,,96.08832,527.4217999995017,527.3229126930237,129,244.58602204179252,258.55517578125,
19,micro,hf_gpu_fp16,hf,models/gpt2-100m,hf,96.088,96.088,Hello,5,128,78,234,False,,1,prefill,ok,,1766547298.508564,1,4.945900000166148,4.884479999542236,519.4078999998055,,,519.362548828125,0,,,,,,96.08832,4.945900000166148,4.884479999542236,1,202.18767058905496,258.55517578125,
19,micro,hf_gpu_fp16,hf,models/gpt2-100m,hf,96.088,96.088,Hello,5,128,78,235,False,,1,kv_decode,ok,,1766547298.508564,1,4.945900000166148,4.884479999542236,519.4078999998055,,,519.362548828125,128,,,,,,96.08832,519.4078999998055,519.362548828125,128,246.43444968790024,258.55517578125,
19,micro,hf_gpu_fp16,hf,models/gpt2-100m,hf,96.088,96.088,Hello,5,128,78,236,False,,1,e2e_kv,ok,,1766547298.508564,1,4.945900000166148,4.884479999542236,519.4078999998055,,,519.362548828125,128,,,,,,96.08832,524.3537999999717,524.2470288276672,129,246.01709761616482,258.55517578125,
19,micro,hf_gpu_fp16,hf,models/gpt2-100m,hf,96.088,96.088,Hello,5,128,79,237,False,,2,prefill,ok,,1766547299.0336568,1,4.906000000119093,4.852735996246338,513.740400000188,,,513.7141723632812,0,,,,,,96.08832,4.906000000119093,4.852735996246338,1,203.83204239211682,258.55517578125,
19,micro,hf_gpu_fp16,hf,models/gpt2-100m,hf,96.088,96.088,Hello,5,128,79,238,False,,2,kv_decode,ok,,1766547299.0336568,1,4.906000000119093,4.852735996246338,513.740400000188,,,513.7141723632812,128,,,,,,96.08832,513.740400000188,513.7141723632812,128,249.15307419847295,258.55517578125,
19,micro,hf_gpu_fp16,hf,models/gpt2-100m,hf,96.088,96.088,Hello,5,128,79,239,False,,2,e2e_kv,ok,,1766547299.0336568,1,4.906000000119093,4.852735996246338,513.740400000188,,,513.7141723632812,128,,,,,,96.08832,518.646400000307,518.5669083595276,129,248.72437174908305,258.55517578125,
20,medium,ollama,ollama,gpt-oss-20b:latest,ollama,20900.0,20900.0,Explain how backpressure works in an inference service and when to enable queueing.,83,128,80,240,True,0,,prefill,ok,,1766547299.553069,99,924.154,,6208.7436,6208.7436,48.505809375,,0,128,18213.196400000015,18070.7428,10816.1909,length,20900.0,924.154,,99,107.12500297569453,,
20,medium,ollama,ollama,gpt-oss-20b:latest,ollama,20900.0,20900.0,Explain how backpressure works in an inference service and when to enable queueing.,83,128,80,241,True,0,,kv_decode,ok,,1766547299.553069,99,924.154,,6208.7436,6208.7436,48.505809375,,128,128,18213.196400000015,18070.7428,10816.1909,length,20900.0,6208.7436,,128,20.616087286967367,,
20,medium,ollama,ollama,gpt-oss-20b:latest,ollama,20900.0,20900.0,Explain how backpressure works in an inference service and when to enable queueing.,83,128,80,242,True,0,,e2e_kv,ok,,1766547299.553069,99,924.154,,6208.7436,6208.7436,48.505809375,,128,128,18213.196400000015,18070.7428,10816.1909,length,20900.0,7132.8976,,227,31.824373870164628,,
20,medium,ollama,ollama,gpt-oss-20b:latest,ollama,20900.0,20900.0,Explain how backpressure works in an inference service and when to enable queueing.,83,128,81,243,False,,0,prefill,ok,,1766547317.7664418,99,60.5473,,7384.5906,7384.5906,57.6921140625,,0,128,7728.388400000313,7713.5277,241.7128,length,20900.0,60.5473,,99,1635.0852969496575,,
20,medium,ollama,ollama,gpt-oss-20b:latest,ollama,20900.0,20900.0,Explain how backpressure works in an inference service and when to enable queueing.,83,128,81,244,False,,0,kv_decode,ok,,1766547317.7664418,99,60.5473,,7384.5906,7384.5906,57.6921140625,,128,128,7728.388400000313,7713.5277,241.7128,length,20900.0,7384.5906,,128,17.333391508528585,,
20,medium,ollama,ollama,gpt-oss-20b:latest,ollama,20900.0,20900.0,Explain how backpressure works in an inference service and when to enable queueing.,83,128,81,245,False,,0,e2e_kv,ok,,1766547317.7664418,99,60.5473,,7384.5906,7384.5906,57.6921140625,,128,128,7728.388400000313,7713.5277,241.7128,length,20900.0,7445.137900000001,,227,30.48969717538744,,
20,medium,ollama,ollama,gpt-oss-20b:latest,ollama,20900.0,20900.0,Explain how backpressure works in an inference service and when to enable queueing.,83,128,82,246,False,,1,prefill,ok,,1766547325.4949987,99,65.4757,,7360.8494,7360.8494,57.5066359375,,0,128,7698.196100000132,7677.2482,230.4352,length,20900.0,65.4757,,99,1512.01132633939,,
20,medium,ollama,ollama,gpt-oss-20b:latest,ollama,20900.0,20900.0,Explain how backpressure works in an inference service and when to enable queueing.,83,128,82,247,False,,1,kv_decode,ok,,1766547325.4949987,99,65.4757,,7360.8494,7360.8494,57.5066359375,,128,128,7698.196100000132,7677.2482,230.4352,length,20900.0,7360.8494,,128,17.3892974905858,,
20,medium,ollama,ollama,gpt-oss-20b:latest,ollama,20900.0,20900.0,Explain how backpressure works in an inference service and when to enable queueing.,83,128,82,248,False,,1,e2e_kv,ok,,1766547325.4949987,99,65.4757,,7360.8494,7360.8494,57.5066359375,,128,128,7698.196100000132,7677.2482,230.4352,length,20900.0,7426.3251,,227,30.566935455061078,,
20,medium,ollama,ollama,gpt-oss-20b:latest,ollama,20900.0,20900.0,Explain how backpressure works in an inference service and when to enable queueing.,83,128,83,249,False,,2,prefill,ok,,1766547333.1954777,99,64.3765,,7361.205,7361.205,57.5094140625,,0,128,7687.156400000276,7683.2631,240.1003,length,20900.0,64.3765,,99,1537.8282447787626,,
20,medium,ollama,ollama,gpt-oss-20b:latest,ollama,20900.0,20900.0,Explain how backpressure works in an inference service and when to enable queueing.,83,128,83,250,False,,2,kv_decode,ok,,1766547333.1954777,99,64.3765,,7361.205,7361.205,57.5094140625,,128,128,7687.156400000276,7683.2631,240.1003,length,20900.0,7361.205,,128,17.388457460429372,,
20,medium,ollama,ollama,gpt-oss-20b:latest,ollama,20900.0,20900.0,Explain how backpressure works in an inference service and when to enable queueing.,83,128,83,251,False,,2,e2e_kv,ok,,1766547333.1954777,99,64.3765,,7361.205,7361.205,57.5094140625,,128,128,7687.156400000276,7683.2631,240.1003,length,20900.0,7425.5815,,227,30.569996437316053,,
